file	gate-class	candidate-classification	remediation	source-ref	feature-overlay-keywords	notes
.agents/skills/crabbox/SKILL.md	FROZEN-STALE	CANDIDATE-UPSTREAM-EVOLUTION-MISS	mechanical-restore	upstream/main	-	Layer B byte-identity; restoration cannot lose feature content (provably none)
.agents/skills/release-openclaw-maintainer/SKILL.md	FROZEN-STALE	CANDIDATE-UPSTREAM-EVOLUTION-MISS	mechanical-restore	upstream/main	-	Layer B byte-identity; restoration cannot lose feature content (provably none)
apps/macos/Sources/OpenClaw/ExecApprovals.swift	FROZEN-STALE	CANDIDATE-UPSTREAM-EVOLUTION-MISS	mechanical-restore	upstream/main	-	Layer B byte-identity; restoration cannot lose feature content (provably none)
apps/macos/Sources/OpenClaw/ExecApprovalsGatewayPrompter.swift	FROZEN-STALE	CANDIDATE-UPSTREAM-EVOLUTION-MISS	mechanical-restore	upstream/main	-	Layer B byte-identity; restoration cannot lose feature content (provably none)
apps/macos/Sources/OpenClaw/NodeMode/MacNodeRuntime.swift	FROZEN-STALE	CANDIDATE-UPSTREAM-EVOLUTION-MISS	mechanical-restore	upstream/main	-	Layer B byte-identity; restoration cannot lose feature content (provably none)
apps/macos/Tests/OpenClawIPCTests/ExecApprovalPromptLayoutTests.swift	FROZEN-STALE	CANDIDATE-UPSTREAM-EVOLUTION-MISS	mechanical-restore	upstream/main	-	Layer B byte-identity; restoration cannot lose feature content (provably none)
docs/channels/groups.md	FROZEN-STALE	CANDIDATE-UPSTREAM-EVOLUTION-MISS	mechanical-restore	upstream/main	-	Layer B byte-identity; restoration cannot lose feature content (provably none)
docs/gateway/config-channels.md	FROZEN-STALE	CANDIDATE-UPSTREAM-EVOLUTION-MISS	mechanical-restore	upstream/main	-	Layer B byte-identity; restoration cannot lose feature content (provably none)
docs/install/raspberry-pi.md	FROZEN-STALE	CANDIDATE-UPSTREAM-EVOLUTION-MISS	mechanical-restore	upstream/main	-	Layer B byte-identity; restoration cannot lose feature content (provably none)
docs/plugins/sdk-testing.md	FROZEN-STALE	CANDIDATE-UPSTREAM-EVOLUTION-MISS	mechanical-restore	upstream/main	-	Layer B byte-identity; restoration cannot lose feature content (provably none)
docs/vps.md	FROZEN-STALE	CANDIDATE-UPSTREAM-EVOLUTION-MISS	mechanical-restore	upstream/main	-	Layer B byte-identity; restoration cannot lose feature content (provably none)
extensions/browser/src/browser/routes/agent.existing-session.test.ts	FROZEN-STALE	CANDIDATE-UPSTREAM-EVOLUTION-MISS	mechanical-restore	upstream/main	-	Layer B byte-identity; restoration cannot lose feature content (provably none)
extensions/browser/src/browser/routes/existing-session.test-support.ts	FROZEN-STALE	CANDIDATE-UPSTREAM-EVOLUTION-MISS	mechanical-restore	upstream/main	-	Layer B byte-identity; restoration cannot lose feature content (provably none)
extensions/codex/src/app-server/auth-bridge.ts	FROZEN-STALE	CANDIDATE-UPSTREAM-EVOLUTION-MISS	mechanical-restore	upstream/main	-	Layer B byte-identity; restoration cannot lose feature content (provably none)
extensions/codex/src/app-server/protocol-generated/json/v2/ThreadResumeResponse.json	FROZEN-STALE	CANDIDATE-UPSTREAM-EVOLUTION-MISS	mechanical-restore	upstream/main	-	Layer B byte-identity; restoration cannot lose feature content (provably none)
extensions/codex/src/app-server/protocol-generated/json/v2/ThreadStartResponse.json	FROZEN-STALE	CANDIDATE-UPSTREAM-EVOLUTION-MISS	mechanical-restore	upstream/main	-	Layer B byte-identity; restoration cannot lose feature content (provably none)
extensions/codex/src/app-server/protocol-generated/json/v2/TurnCompletedNotification.json	FROZEN-STALE	CANDIDATE-UPSTREAM-EVOLUTION-MISS	mechanical-restore	upstream/main	-	Layer B byte-identity; restoration cannot lose feature content (provably none)
extensions/codex/src/app-server/protocol-generated/json/v2/TurnStartResponse.json	FROZEN-STALE	CANDIDATE-UPSTREAM-EVOLUTION-MISS	mechanical-restore	upstream/main	-	Layer B byte-identity; restoration cannot lose feature content (provably none)
extensions/discord/src/monitor/exec-approvals.test.ts	FROZEN-STALE	CANDIDATE-UPSTREAM-EVOLUTION-MISS	mechanical-restore	upstream/main	-	Layer B byte-identity; restoration cannot lose feature content (provably none)
extensions/discord/src/monitor/exec-approvals.ts	FROZEN-STALE	CANDIDATE-UPSTREAM-EVOLUTION-MISS	mechanical-restore	upstream/main	-	Layer B byte-identity; restoration cannot lose feature content (provably none)
extensions/discord/src/monitor/native-command.runtime.ts	FROZEN-STALE	CANDIDATE-UPSTREAM-EVOLUTION-MISS	mechanical-restore	upstream/main	-	Layer B byte-identity; restoration cannot lose feature content (provably none)
extensions/discord/src/monitor/native-command.ts	FROZEN-STALE	CANDIDATE-UPSTREAM-EVOLUTION-MISS-confirmed-via-blob-check	mechanical-restore	upstream/main	-(false-positive-from-keyword-grep; savegame-blob-is-upstream-historical)	Layer B byte-identity; restoration cannot lose feature content (provably none)
extensions/feishu/src/monitor.test-mocks.ts	FROZEN-STALE	CANDIDATE-UPSTREAM-EVOLUTION-MISS	mechanical-restore	upstream/main	-	Layer B byte-identity; restoration cannot lose feature content (provably none)
extensions/telegram/src/bot-message-context.acp-bindings.test.ts	FROZEN-STALE	CANDIDATE-UPSTREAM-EVOLUTION-MISS	mechanical-restore	upstream/main	-	Layer B byte-identity; restoration cannot lose feature content (provably none)
extensions/telegram/src/bot-message-context.thread-binding.test.ts	FROZEN-STALE	CANDIDATE-UPSTREAM-EVOLUTION-MISS	mechanical-restore	upstream/main	-	Layer B byte-identity; restoration cannot lose feature content (provably none)
extensions/telegram/src/bot-message-context.ts	FROZEN-STALE	CANDIDATE-UPSTREAM-EVOLUTION-MISS	mechanical-restore	upstream/main	-	Layer B byte-identity; restoration cannot lose feature content (provably none)
extensions/telegram/src/bot-native-commands.runtime.ts	FROZEN-STALE	CANDIDATE-UPSTREAM-EVOLUTION-MISS	mechanical-restore	upstream/main	-	Layer B byte-identity; restoration cannot lose feature content (provably none)
extensions/telegram/src/bot-native-commands.session-meta.test.ts	FROZEN-STALE	CANDIDATE-UPSTREAM-EVOLUTION-MISS-confirmed-via-blob-check	mechanical-restore	upstream/main	-(false-positive-from-keyword-grep; savegame-blob-is-upstream-historical)	Layer B byte-identity; restoration cannot lose feature content (provably none)
extensions/telegram/src/conversation-route.base-session-key.test.ts	FROZEN-STALE	CANDIDATE-UPSTREAM-EVOLUTION-MISS	mechanical-restore	upstream/main	-	Layer B byte-identity; restoration cannot lose feature content (provably none)
extensions/telegram/src/conversation-route.ts	FROZEN-STALE	CANDIDATE-UPSTREAM-EVOLUTION-MISS	mechanical-restore	upstream/main	-	Layer B byte-identity; restoration cannot lose feature content (provably none)
scripts/e2e/parallels/host-command.ts	FROZEN-STALE	CANDIDATE-UPSTREAM-EVOLUTION-MISS	mechanical-restore	upstream/main	-	Layer B byte-identity; restoration cannot lose feature content (provably none)
scripts/e2e/telegram-user-credential.ts	FROZEN-STALE	CANDIDATE-UPSTREAM-EVOLUTION-MISS	mechanical-restore	upstream/main	-	Layer B byte-identity; restoration cannot lose feature content (provably none)
src/acp/control-plane/manager.core.ts	FROZEN-STALE	CANDIDATE-UPSTREAM-EVOLUTION-MISS	mechanical-restore	upstream/main	-	Layer B byte-identity; restoration cannot lose feature content (provably none)
src/acp/control-plane/manager.test.ts	FROZEN-STALE	CANDIDATE-UPSTREAM-EVOLUTION-MISS	mechanical-restore	upstream/main	-	Layer B byte-identity; restoration cannot lose feature content (provably none)
src/acp/runtime/session-meta.ts	FROZEN-STALE	CANDIDATE-UPSTREAM-EVOLUTION-MISS	mechanical-restore	upstream/main	-	Layer B byte-identity; restoration cannot lose feature content (provably none)
src/agents/command/attempt-execution.shared.ts	FROZEN-STALE	CANDIDATE-UPSTREAM-EVOLUTION-MISS	mechanical-restore	upstream/main	-	Layer B byte-identity; restoration cannot lose feature content (provably none)
src/agents/command/session.resolve-session-key.test.ts	FROZEN-STALE	CANDIDATE-UPSTREAM-EVOLUTION-MISS	mechanical-restore	upstream/main	-	Layer B byte-identity; restoration cannot lose feature content (provably none)
src/agents/command/session.ts	FROZEN-STALE	CANDIDATE-UPSTREAM-EVOLUTION-MISS	mechanical-restore	upstream/main	-	Layer B byte-identity; restoration cannot lose feature content (provably none)
src/agents/subagent-depth.test.ts	FROZEN-STALE	CANDIDATE-UPSTREAM-EVOLUTION-MISS	mechanical-restore	upstream/main	-	Layer B byte-identity; restoration cannot lose feature content (provably none)
src/agents/subagent-depth.ts	FROZEN-STALE	CANDIDATE-UPSTREAM-EVOLUTION-MISS	mechanical-restore	upstream/main	-	Layer B byte-identity; restoration cannot lose feature content (provably none)
src/agents/subagent-session-reconciliation.ts	FROZEN-STALE	CANDIDATE-UPSTREAM-EVOLUTION-MISS	mechanical-restore	upstream/main	-	Layer B byte-identity; restoration cannot lose feature content (provably none)
src/auto-reply/command-turn-context.test.ts	FROZEN-STALE	CANDIDATE-UPSTREAM-EVOLUTION-MISS	mechanical-restore	upstream/main	-	Layer B byte-identity; restoration cannot lose feature content (provably none)
src/auto-reply/heartbeat-filter.test.ts	FROZEN-STALE	CANDIDATE-UPSTREAM-EVOLUTION-MISS	mechanical-restore	upstream/main	-	Layer B byte-identity; restoration cannot lose feature content (provably none)
src/auto-reply/heartbeat-filter.ts	FROZEN-STALE	CANDIDATE-UPSTREAM-EVOLUTION-MISS	mechanical-restore	upstream/main	-	Layer B byte-identity; restoration cannot lose feature content (provably none)
src/auto-reply/reply/commands-allowlist.ts	FROZEN-STALE	CANDIDATE-UPSTREAM-EVOLUTION-MISS	mechanical-restore	upstream/main	-	Layer B byte-identity; restoration cannot lose feature content (provably none)
src/auto-reply/reply/commands-config.ts	FROZEN-STALE	CANDIDATE-UPSTREAM-EVOLUTION-MISS	mechanical-restore	upstream/main	-	Layer B byte-identity; restoration cannot lose feature content (provably none)
src/auto-reply/reply/commands-diagnostics.ts	FROZEN-STALE	CANDIDATE-UPSTREAM-EVOLUTION-MISS-confirmed-via-blob-check	mechanical-restore	upstream/main	-(false-positive-from-keyword-grep; savegame-blob-is-upstream-historical)	Layer B byte-identity; restoration cannot lose feature content (provably none)
src/auto-reply/reply/commands-plugin.test.ts	FROZEN-STALE	CANDIDATE-UPSTREAM-EVOLUTION-MISS	mechanical-restore	upstream/main	-	Layer B byte-identity; restoration cannot lose feature content (provably none)
src/auto-reply/reply/commands-plugin.ts	FROZEN-STALE	CANDIDATE-UPSTREAM-EVOLUTION-MISS-confirmed-via-blob-check	mechanical-restore	upstream/main	-(false-positive-from-keyword-grep; savegame-blob-is-upstream-historical)	Layer B byte-identity; restoration cannot lose feature content (provably none)
src/auto-reply/reply/config-write-authorization.ts	FROZEN-STALE	CANDIDATE-UPSTREAM-EVOLUTION-MISS	mechanical-restore	upstream/main	-	Layer B byte-identity; restoration cannot lose feature content (provably none)
src/auto-reply/reply/get-reply.message-hooks.test.ts	FROZEN-STALE	CANDIDATE-UPSTREAM-EVOLUTION-MISS-confirmed-via-blob-check	mechanical-restore	upstream/main	-(false-positive-from-keyword-grep; savegame-blob-is-upstream-historical)	Layer B byte-identity; restoration cannot lose feature content (provably none)
src/auto-reply/reply/inbound-meta.ts	FROZEN-STALE	CANDIDATE-UPSTREAM-EVOLUTION-MISS	mechanical-restore	upstream/main	-	Layer B byte-identity; restoration cannot lose feature content (provably none)
src/auto-reply/reply/inbound-text.ts	FROZEN-STALE	CANDIDATE-UPSTREAM-EVOLUTION-MISS	mechanical-restore	upstream/main	-	Layer B byte-identity; restoration cannot lose feature content (provably none)
src/auto-reply/reply/prompt-prelude.test.ts	FROZEN-STALE	CANDIDATE-UPSTREAM-EVOLUTION-MISS	mechanical-restore	upstream/main	-	Layer B byte-identity; restoration cannot lose feature content (provably none)
src/auto-reply/reply/reply-turn-admission.test.ts	FROZEN-STALE	CANDIDATE-UPSTREAM-EVOLUTION-MISS	mechanical-restore	upstream/main	-	Layer B byte-identity; restoration cannot lose feature content (provably none)
src/auto-reply/reply/reply-turn-admission.ts	FROZEN-STALE	CANDIDATE-UPSTREAM-EVOLUTION-MISS	mechanical-restore	upstream/main	-	Layer B byte-identity; restoration cannot lose feature content (provably none)
src/auto-reply/reply/source-reply-delivery-mode.test.ts	FROZEN-STALE	CANDIDATE-UPSTREAM-EVOLUTION-MISS	mechanical-restore	upstream/main	-	Layer B byte-identity; restoration cannot lose feature content (provably none)
src/auto-reply/reply/strip-inbound-meta.test.ts	FROZEN-STALE	CANDIDATE-UPSTREAM-EVOLUTION-MISS	mechanical-restore	upstream/main	-	Layer B byte-identity; restoration cannot lose feature content (provably none)
src/auto-reply/reply/strip-inbound-meta.ts	FROZEN-STALE	CANDIDATE-UPSTREAM-EVOLUTION-MISS	mechanical-restore	upstream/main	-	Layer B byte-identity; restoration cannot lose feature content (provably none)
src/cli/command-catalog.ts	FROZEN-STALE	CANDIDATE-UPSTREAM-EVOLUTION-MISS	mechanical-restore	upstream/main	-	Layer B byte-identity; restoration cannot lose feature content (provably none)
src/cli/command-path-policy.test.ts	FROZEN-STALE	CANDIDATE-UPSTREAM-EVOLUTION-MISS	mechanical-restore	upstream/main	-	Layer B byte-identity; restoration cannot lose feature content (provably none)
src/cli/command-secret-gateway.test.ts	FROZEN-STALE	CANDIDATE-UPSTREAM-EVOLUTION-MISS	mechanical-restore	upstream/main	-	Layer B byte-identity; restoration cannot lose feature content (provably none)
src/cli/gateway-cli/run.ts	FROZEN-STALE	CANDIDATE-UPSTREAM-EVOLUTION-MISS	mechanical-restore	upstream/main	-	Layer B byte-identity; restoration cannot lose feature content (provably none)
src/cli/program/preaction.test.ts	FROZEN-STALE	CANDIDATE-UPSTREAM-EVOLUTION-MISS	mechanical-restore	upstream/main	-	Layer B byte-identity; restoration cannot lose feature content (provably none)
src/cli/program/preaction.ts	FROZEN-STALE	CANDIDATE-UPSTREAM-EVOLUTION-MISS	mechanical-restore	upstream/main	-	Layer B byte-identity; restoration cannot lose feature content (provably none)
src/cli/update-cli.test.ts	FROZEN-STALE	CANDIDATE-UPSTREAM-EVOLUTION-MISS	mechanical-restore	upstream/main	-	Layer B byte-identity; restoration cannot lose feature content (provably none)
src/commands/agent/session.test.ts	FROZEN-STALE	CANDIDATE-UPSTREAM-EVOLUTION-MISS	mechanical-restore	upstream/main	-	Layer B byte-identity; restoration cannot lose feature content (provably none)
src/commands/doctor-platform-notes.startup-optimization.test.ts	FROZEN-STALE	CANDIDATE-UPSTREAM-EVOLUTION-MISS	mechanical-restore	upstream/main	-	Layer B byte-identity; restoration cannot lose feature content (provably none)
src/commands/doctor/repair-sequencing.test.ts	FROZEN-STALE	CANDIDATE-UPSTREAM-EVOLUTION-MISS-confirmed-via-blob-check	mechanical-restore	upstream/main	-(false-positive-from-keyword-grep; savegame-blob-is-upstream-historical)	Layer B byte-identity; restoration cannot lose feature content (provably none)
src/commands/doctor/repair-sequencing.ts	FROZEN-STALE	CANDIDATE-UPSTREAM-EVOLUTION-MISS	mechanical-restore	upstream/main	-	Layer B byte-identity; restoration cannot lose feature content (provably none)
src/commands/doctor/shared/preview-warnings.test.ts	FROZEN-STALE	CANDIDATE-UPSTREAM-EVOLUTION-MISS	mechanical-restore	upstream/main	-	Layer B byte-identity; restoration cannot lose feature content (provably none)
src/commands/doctor/shared/preview-warnings.ts	FROZEN-STALE	CANDIDATE-UPSTREAM-EVOLUTION-MISS	mechanical-restore	upstream/main	-	Layer B byte-identity; restoration cannot lose feature content (provably none)
src/config/config.ts	FROZEN-STALE	CANDIDATE-UPSTREAM-EVOLUTION-MISS	mechanical-restore	upstream/main	-	Layer B byte-identity; restoration cannot lose feature content (provably none)
src/config/io.best-effort.test.ts	FROZEN-STALE	CANDIDATE-UPSTREAM-EVOLUTION-MISS	mechanical-restore	upstream/main	-	Layer B byte-identity; restoration cannot lose feature content (provably none)
src/config/types.hooks.ts	FROZEN-STALE	CANDIDATE-UPSTREAM-EVOLUTION-MISS	mechanical-restore	upstream/main	-	Layer B byte-identity; restoration cannot lose feature content (provably none)
src/docker-setup.e2e.test.ts	FROZEN-STALE	CANDIDATE-UPSTREAM-EVOLUTION-MISS-confirmed-via-blob-check	mechanical-restore	upstream/main	-(false-positive-from-keyword-grep; savegame-blob-is-upstream-historical)	Layer B byte-identity; restoration cannot lose feature content (provably none)
src/gateway/chat-abort.test.ts	FROZEN-STALE	CANDIDATE-UPSTREAM-EVOLUTION-MISS	mechanical-restore	upstream/main	-	Layer B byte-identity; restoration cannot lose feature content (provably none)
src/gateway/mcp-http.loopback-runtime.ts	FROZEN-STALE	CANDIDATE-UPSTREAM-EVOLUTION-MISS-confirmed-via-blob-check	mechanical-restore	upstream/main	-(false-positive-from-keyword-grep; savegame-blob-is-upstream-historical)	Layer B byte-identity; restoration cannot lose feature content (provably none)
src/gateway/mcp-http.request.ts	FROZEN-STALE	CANDIDATE-UPSTREAM-EVOLUTION-MISS-confirmed-via-blob-check	mechanical-restore	upstream/main	-(false-positive-from-keyword-grep; savegame-blob-is-upstream-historical)	Layer B byte-identity; restoration cannot lose feature content (provably none)
src/gateway/mcp-http.runtime.ts	FROZEN-STALE	CANDIDATE-UPSTREAM-EVOLUTION-MISS-confirmed-via-blob-check	mechanical-restore	upstream/main	-(false-positive-from-keyword-grep; savegame-blob-is-upstream-historical)	Layer B byte-identity; restoration cannot lose feature content (provably none)
src/gateway/mcp-http.ts	FROZEN-STALE	CANDIDATE-UPSTREAM-EVOLUTION-MISS-confirmed-via-blob-check	mechanical-restore	upstream/main	-(false-positive-from-keyword-grep; savegame-blob-is-upstream-historical)	Layer B byte-identity; restoration cannot lose feature content (provably none)
src/gateway/operator-approvals-client.test.ts	FROZEN-STALE	CANDIDATE-UPSTREAM-EVOLUTION-MISS	mechanical-restore	upstream/main	-	Layer B byte-identity; restoration cannot lose feature content (provably none)
src/gateway/server-runtime-services.ts	FROZEN-STALE	CANDIDATE-UPSTREAM-EVOLUTION-MISS	mechanical-restore	upstream/main	-	Layer B byte-identity; restoration cannot lose feature content (provably none)
src/gateway/server-startup-log.test.ts	FROZEN-STALE	CANDIDATE-UPSTREAM-EVOLUTION-MISS	mechanical-restore	upstream/main	-	Layer B byte-identity; restoration cannot lose feature content (provably none)
src/gateway/server-startup-log.ts	FROZEN-STALE	CANDIDATE-UPSTREAM-EVOLUTION-MISS	mechanical-restore	upstream/main	-	Layer B byte-identity; restoration cannot lose feature content (provably none)
src/gateway/server.chat.gateway-server-chat-b.test.ts	FROZEN-STALE	CANDIDATE-UPSTREAM-EVOLUTION-MISS	mechanical-restore	upstream/main	-	Layer B byte-identity; restoration cannot lose feature content (provably none)
src/gateway/server/hooks-request-handler.ts	FROZEN-STALE	CANDIDATE-UPSTREAM-EVOLUTION-MISS	mechanical-restore	upstream/main	-	Layer B byte-identity; restoration cannot lose feature content (provably none)
src/gateway/session-lifecycle-state.ts	FROZEN-STALE	CANDIDATE-UPSTREAM-EVOLUTION-MISS	mechanical-restore	upstream/main	-	Layer B byte-identity; restoration cannot lose feature content (provably none)
src/gateway/session-utils.test.ts	FROZEN-STALE	CANDIDATE-UPSTREAM-EVOLUTION-MISS	mechanical-restore	upstream/main	-	Layer B byte-identity; restoration cannot lose feature content (provably none)
src/gateway/sessions-patch.test.ts	FROZEN-STALE	CANDIDATE-UPSTREAM-EVOLUTION-MISS	mechanical-restore	upstream/main	-	Layer B byte-identity; restoration cannot lose feature content (provably none)
src/gateway/tool-resolution.test.ts	FROZEN-STALE	CANDIDATE-UPSTREAM-EVOLUTION-MISS	mechanical-restore	upstream/main	-	Layer B byte-identity; restoration cannot lose feature content (provably none)
src/image-generation/provider-registry.test.ts	FROZEN-STALE	CANDIDATE-UPSTREAM-EVOLUTION-MISS	mechanical-restore	upstream/main	-	Layer B byte-identity; restoration cannot lose feature content (provably none)
src/infra/exec-approvals-policy.test.ts	FROZEN-STALE	CANDIDATE-UPSTREAM-EVOLUTION-MISS	mechanical-restore	upstream/main	-	Layer B byte-identity; restoration cannot lose feature content (provably none)
src/infra/jsonl-socket.test.ts	FROZEN-STALE	CANDIDATE-UPSTREAM-EVOLUTION-MISS	mechanical-restore	upstream/main	-	Layer B byte-identity; restoration cannot lose feature content (provably none)
src/infra/jsonl-socket.ts	FROZEN-STALE	CANDIDATE-UPSTREAM-EVOLUTION-MISS	mechanical-restore	upstream/main	-	Layer B byte-identity; restoration cannot lose feature content (provably none)
src/infra/run-node.test.ts	FROZEN-STALE	CANDIDATE-UPSTREAM-EVOLUTION-MISS	mechanical-restore	upstream/main	-	Layer B byte-identity; restoration cannot lose feature content (provably none)
src/logging/diagnostic-session-state.ts	FROZEN-STALE	CANDIDATE-UPSTREAM-EVOLUTION-MISS	mechanical-restore	upstream/main	-	Layer B byte-identity; restoration cannot lose feature content (provably none)
src/media/local-media-access.test.ts	FROZEN-STALE	CANDIDATE-UPSTREAM-EVOLUTION-MISS	mechanical-restore	upstream/main	-	Layer B byte-identity; restoration cannot lose feature content (provably none)
src/media/read-capability.test.ts	FROZEN-STALE	CANDIDATE-UPSTREAM-EVOLUTION-MISS	mechanical-restore	upstream/main	-	Layer B byte-identity; restoration cannot lose feature content (provably none)
src/plugins/loader.native-module-loader.test.ts	FROZEN-STALE	CANDIDATE-UPSTREAM-EVOLUTION-MISS	mechanical-restore	upstream/main	-	Layer B byte-identity; restoration cannot lose feature content (provably none)
src/plugins/registry.runtime-config.test.ts	FROZEN-STALE	CANDIDATE-UPSTREAM-EVOLUTION-MISS	mechanical-restore	upstream/main	-	Layer B byte-identity; restoration cannot lose feature content (provably none)
src/sessions/model-overrides.test.ts	FROZEN-STALE	CANDIDATE-UPSTREAM-EVOLUTION-MISS	mechanical-restore	upstream/main	-	Layer B byte-identity; restoration cannot lose feature content (provably none)
src/sessions/model-overrides.ts	FROZEN-STALE	CANDIDATE-UPSTREAM-EVOLUTION-MISS	mechanical-restore	upstream/main	-	Layer B byte-identity; restoration cannot lose feature content (provably none)
src/status/status-labels.ts	FROZEN-STALE	CANDIDATE-UPSTREAM-EVOLUTION-MISS	mechanical-restore	upstream/main	-	Layer B byte-identity; restoration cannot lose feature content (provably none)
src/status/status-message.test.ts	FROZEN-STALE	CANDIDATE-UPSTREAM-EVOLUTION-MISS	mechanical-restore	upstream/main	-	Layer B byte-identity; restoration cannot lose feature content (provably none)
src/tui/components/chat-log.test.ts	FROZEN-STALE	CANDIDATE-UPSTREAM-EVOLUTION-MISS	mechanical-restore	upstream/main	-	Layer B byte-identity; restoration cannot lose feature content (provably none)
src/tui/embedded-backend.test.ts	FROZEN-STALE	CANDIDATE-UPSTREAM-EVOLUTION-MISS	mechanical-restore	upstream/main	-	Layer B byte-identity; restoration cannot lose feature content (provably none)
src/tui/tui-session-actions.test.ts	FROZEN-STALE	CANDIDATE-UPSTREAM-EVOLUTION-MISS	mechanical-restore	upstream/main	-	Layer B byte-identity; restoration cannot lose feature content (provably none)
src/tui/tui-submit-test-helpers.ts	FROZEN-STALE	CANDIDATE-UPSTREAM-EVOLUTION-MISS	mechanical-restore	upstream/main	-	Layer B byte-identity; restoration cannot lose feature content (provably none)
src/tui/tui.submit-handler.test.ts	FROZEN-STALE	CANDIDATE-UPSTREAM-EVOLUTION-MISS	mechanical-restore	upstream/main	-	Layer B byte-identity; restoration cannot lose feature content (provably none)
src/video-generation/provider-registry.test.ts	FROZEN-STALE	CANDIDATE-UPSTREAM-EVOLUTION-MISS	mechanical-restore	upstream/main	-	Layer B byte-identity; restoration cannot lose feature content (provably none)
test/scripts/changed-lanes.test.ts	FROZEN-STALE	CANDIDATE-UPSTREAM-EVOLUTION-MISS	mechanical-restore	upstream/main	-	Layer B byte-identity; restoration cannot lose feature content (provably none)
test/scripts/committer.test.ts	FROZEN-STALE	CANDIDATE-UPSTREAM-EVOLUTION-MISS	mechanical-restore	upstream/main	-	Layer B byte-identity; restoration cannot lose feature content (provably none)
test/scripts/e2e-shell-tempfiles.test.ts	FROZEN-STALE	CANDIDATE-UPSTREAM-EVOLUTION-MISS	mechanical-restore	upstream/main	-	Layer B byte-identity; restoration cannot lose feature content (provably none)
test/scripts/install-cli.test.ts	FROZEN-STALE	CANDIDATE-UPSTREAM-EVOLUTION-MISS	mechanical-restore	upstream/main	-	Layer B byte-identity; restoration cannot lose feature content (provably none)
test/scripts/test-live-shard.test.ts	FROZEN-STALE	CANDIDATE-UPSTREAM-EVOLUTION-MISS	mechanical-restore	upstream/main	-	Layer B byte-identity; restoration cannot lose feature content (provably none)
test/vitest-light-paths.test.ts	FROZEN-STALE	CANDIDATE-UPSTREAM-EVOLUTION-MISS	mechanical-restore	upstream/main	-	Layer B byte-identity; restoration cannot lose feature content (provably none)
test/vitest/vitest.commands-light-paths.mjs	FROZEN-STALE	CANDIDATE-UPSTREAM-EVOLUTION-MISS	mechanical-restore	upstream/main	-	Layer B byte-identity; restoration cannot lose feature content (provably none)
ui/src/ui/app-gateway.sessions.node.test.ts	FROZEN-STALE	CANDIDATE-UPSTREAM-EVOLUTION-MISS	mechanical-restore	upstream/main	-	Layer B byte-identity; restoration cannot lose feature content (provably none)
ui/src/ui/controllers/config.test.ts	FROZEN-STALE	CANDIDATE-UPSTREAM-EVOLUTION-MISS	mechanical-restore	upstream/main	-	Layer B byte-identity; restoration cannot lose feature content (provably none)
ui/src/ui/controllers/config.ts	FROZEN-STALE	CANDIDATE-UPSTREAM-EVOLUTION-MISS	mechanical-restore	upstream/main	-	Layer B byte-identity; restoration cannot lose feature content (provably none)
ui/src/ui/usage-helpers.node.test.ts	FROZEN-STALE	CANDIDATE-UPSTREAM-EVOLUTION-MISS	mechanical-restore	upstream/main	-	Layer B byte-identity; restoration cannot lose feature content (provably none)
ui/src/ui/usage-helpers.ts	FROZEN-STALE	CANDIDATE-UPSTREAM-EVOLUTION-MISS	mechanical-restore	upstream/main	-	Layer B byte-identity; restoration cannot lose feature content (provably none)
src/auto-reply/reply/agent-runner.ts	MIXED-CLOBBER	cohort-byte-walk-needed	keep-ours-flag-for-cohort	fc337f05d6 (no change; flagged for cohort byte-walk)	-	3-way merge produced 24 textual conflicts; needs per-hunk human review; dropped_lines=159
src/gateway/server-methods/agent.test.ts	MIXED-CLOBBER	cohort-byte-walk-needed	keep-ours-flag-for-cohort	fc337f05d6 (no change; flagged for cohort byte-walk)	-	3-way merge produced 38 textual conflicts; needs per-hunk human review; dropped_lines=145
ui/src/ui/views/usage-render-overview.test.ts	MIXED-CLOBBER	cohort-byte-walk-needed	keep-ours-flag-for-cohort	fc337f05d6 (no change; flagged for cohort byte-walk)	-	3-way merge produced 3 textual conflicts; needs per-hunk human review; dropped_lines=116
src/agents/subagent-registry-run-manager.ts	MIXED-CLOBBER	cohort-byte-walk-needed	keep-ours-flag-for-cohort	fc337f05d6 (no change; flagged for cohort byte-walk)	-	3-way merge produced 7 textual conflicts; needs per-hunk human review; dropped_lines=116
src/plugins/sdk-alias.ts	MIXED-CLOBBER	cohort-byte-walk-needed	keep-ours-flag-for-cohort	fc337f05d6 (no change; flagged for cohort byte-walk)	-	3-way merge produced 1 textual conflicts; needs per-hunk human review; dropped_lines=114
src/agents/embedded-agent-subscribe.handlers.tools.ts	MIXED-CLOBBER	no-prcreate-base	keep-ours-flag-for-cohort	fc337f05d6 (no change; flagged for cohort byte-walk)	-	file added by our PR after PRCREATE 0831fb5e80; cannot 3-way merge without base; cohort review per file: take ours / take upstream / merge; dropped_lines=114
ui/src/i18n/locales/pl.ts	MIXED-CLOBBER	i18n-union	i18n-union-merge	upstream/main+fc337f05d6 (union over non-overlapping additions)	-	locale --union merge: both sides additive translation keys; no semantic conflict; dropped_lines=113
ui/src/i18n/locales/fa.ts	MIXED-CLOBBER	i18n-union	i18n-union-merge	upstream/main+fc337f05d6 (union over non-overlapping additions)	-	locale --union merge: both sides additive translation keys; no semantic conflict; dropped_lines=113
ui/src/i18n/locales/de.ts	MIXED-CLOBBER	i18n-union	i18n-union-merge	upstream/main+fc337f05d6 (union over non-overlapping additions)	-	locale --union merge: both sides additive translation keys; no semantic conflict; dropped_lines=113
ui/src/i18n/locales/zh-TW.ts	MIXED-CLOBBER	i18n-union	i18n-union-merge	upstream/main+fc337f05d6 (union over non-overlapping additions)	-	locale --union merge: both sides additive translation keys; no semantic conflict; dropped_lines=112
ui/src/i18n/locales/zh-CN.ts	MIXED-CLOBBER	i18n-union	i18n-union-merge	upstream/main+fc337f05d6 (union over non-overlapping additions)	-	locale --union merge: both sides additive translation keys; no semantic conflict; dropped_lines=112
ui/src/i18n/locales/uk.ts	MIXED-CLOBBER	i18n-union	i18n-union-merge	upstream/main+fc337f05d6 (union over non-overlapping additions)	-	locale --union merge: both sides additive translation keys; no semantic conflict; dropped_lines=112
ui/src/i18n/locales/tr.ts	MIXED-CLOBBER	i18n-union	i18n-union-merge	upstream/main+fc337f05d6 (union over non-overlapping additions)	-	locale --union merge: both sides additive translation keys; no semantic conflict; dropped_lines=112
ui/src/i18n/locales/ko.ts	MIXED-CLOBBER	i18n-union	i18n-union-merge	upstream/main+fc337f05d6 (union over non-overlapping additions)	-	locale --union merge: both sides additive translation keys; no semantic conflict; dropped_lines=112
ui/src/i18n/locales/ar.ts	MIXED-CLOBBER	i18n-union	i18n-union-merge	upstream/main+fc337f05d6 (union over non-overlapping additions)	-	locale --union merge: both sides additive translation keys; no semantic conflict; dropped_lines=112
ui/src/i18n/locales/th.ts	MIXED-CLOBBER	i18n-union	i18n-union-merge	upstream/main+fc337f05d6 (union over non-overlapping additions)	-	locale --union merge: both sides additive translation keys; no semantic conflict; dropped_lines=111
ui/src/i18n/locales/pt-BR.ts	MIXED-CLOBBER	i18n-union	i18n-union-merge	upstream/main+fc337f05d6 (union over non-overlapping additions)	-	locale --union merge: both sides additive translation keys; no semantic conflict; dropped_lines=111
ui/src/i18n/locales/ja-JP.ts	MIXED-CLOBBER	i18n-union	i18n-union-merge	upstream/main+fc337f05d6 (union over non-overlapping additions)	-	locale --union merge: both sides additive translation keys; no semantic conflict; dropped_lines=111
ui/src/i18n/locales/vi.ts	MIXED-CLOBBER	i18n-union	i18n-union-merge	upstream/main+fc337f05d6 (union over non-overlapping additions)	-	locale --union merge: both sides additive translation keys; no semantic conflict; dropped_lines=110
ui/src/i18n/locales/nl.ts	MIXED-CLOBBER	i18n-union	i18n-union-merge	upstream/main+fc337f05d6 (union over non-overlapping additions)	-	locale --union merge: both sides additive translation keys; no semantic conflict; dropped_lines=110
ui/src/i18n/locales/it.ts	MIXED-CLOBBER	i18n-union	i18n-union-merge	upstream/main+fc337f05d6 (union over non-overlapping additions)	-	locale --union merge: both sides additive translation keys; no semantic conflict; dropped_lines=110
ui/src/i18n/locales/id.ts	MIXED-CLOBBER	i18n-union	i18n-union-merge	upstream/main+fc337f05d6 (union over non-overlapping additions)	-	locale --union merge: both sides additive translation keys; no semantic conflict; dropped_lines=110
ui/src/i18n/locales/fr.ts	MIXED-CLOBBER	i18n-union	i18n-union-merge	upstream/main+fc337f05d6 (union over non-overlapping additions)	-	locale --union merge: both sides additive translation keys; no semantic conflict; dropped_lines=110
ui/src/i18n/locales/es.ts	MIXED-CLOBBER	i18n-union	i18n-union-merge	upstream/main+fc337f05d6 (union over non-overlapping additions)	-	locale --union merge: both sides additive translation keys; no semantic conflict; dropped_lines=110
ui/src/i18n/locales/en.ts	MIXED-CLOBBER	i18n-union	i18n-union-merge	upstream/main+fc337f05d6 (union over non-overlapping additions)	-	locale --union merge: both sides additive translation keys; no semantic conflict; dropped_lines=110
src/agents/embedded-agent-subscribe.handlers.tools.test.ts	MIXED-CLOBBER	no-prcreate-base	keep-ours-flag-for-cohort	fc337f05d6 (no change; flagged for cohort byte-walk)	-	file added by our PR after PRCREATE 0831fb5e80; cannot 3-way merge without base; cohort review per file: take ours / take upstream / merge; dropped_lines=103
src/agents/embedded-agent-runner/run/attempt.session-lock.ts	MIXED-CLOBBER	no-prcreate-base	keep-ours-flag-for-cohort	fc337f05d6 (no change; flagged for cohort byte-walk)	-	file added by our PR after PRCREATE 0831fb5e80; cannot 3-way merge without base; cohort review per file: take ours / take upstream / merge; dropped_lines=94
src/gateway/server-methods/agent.ts	MIXED-CLOBBER	cohort-byte-walk-needed	keep-ours-flag-for-cohort	fc337f05d6 (no change; flagged for cohort byte-walk)	-	3-way merge produced 18 textual conflicts; needs per-hunk human review; dropped_lines=91
src/agents/agent-command.live-model-switch.test.ts	MIXED-CLOBBER	cohort-byte-walk-needed	keep-ours-flag-for-cohort	fc337f05d6 (no change; flagged for cohort byte-walk)	-	3-way merge produced 5 textual conflicts; needs per-hunk human review; dropped_lines=90
src/agents/subagent-registry.ts	MIXED-CLOBBER	cohort-byte-walk-needed	keep-ours-flag-for-cohort	fc337f05d6 (no change; flagged for cohort byte-walk)	-	3-way merge produced 5 textual conflicts; needs per-hunk human review; dropped_lines=85
src/plugins/contracts/plugin-sdk-root-alias.test.ts	MIXED-CLOBBER	cohort-byte-walk-needed	keep-ours-flag-for-cohort	fc337f05d6 (no change; flagged for cohort byte-walk)	-	3-way merge produced 3 textual conflicts; needs per-hunk human review; dropped_lines=83
src/plugins/sdk-alias.test.ts	MIXED-CLOBBER	cohort-byte-walk-needed	keep-ours-flag-for-cohort	fc337f05d6 (no change; flagged for cohort byte-walk)	-	3-way merge produced 1 textual conflicts; needs per-hunk human review; dropped_lines=79
src/agents/agent-command.ts	MIXED-CLOBBER	cohort-byte-walk-needed	keep-ours-flag-for-cohort	fc337f05d6 (no change; flagged for cohort byte-walk)	-	3-way merge produced 13 textual conflicts; needs per-hunk human review; dropped_lines=79
src/auto-reply/reply/followup-runner.ts	MIXED-CLOBBER	cohort-byte-walk-needed	keep-ours-flag-for-cohort	fc337f05d6 (no change; flagged for cohort byte-walk)	-	3-way merge produced 12 textual conflicts; needs per-hunk human review; dropped_lines=77
src/plugins/commands.test.ts	MIXED-CLOBBER	cohort-byte-walk-needed	keep-ours-flag-for-cohort	fc337f05d6 (no change; flagged for cohort byte-walk)	-	3-way merge produced 1 textual conflicts; needs per-hunk human review; dropped_lines=74
src/gateway/server-methods/chat.ts	MIXED-CLOBBER	cohort-byte-walk-needed	keep-ours-flag-for-cohort	fc337f05d6 (no change; flagged for cohort byte-walk)	-	3-way merge produced 10 textual conflicts; needs per-hunk human review; dropped_lines=71
test/scripts/crabbox-wrapper.test.ts	MIXED-CLOBBER	no-prcreate-base	keep-ours-flag-for-cohort	fc337f05d6 (no change; flagged for cohort byte-walk)	-	file added by our PR after PRCREATE 0831fb5e80; cannot 3-way merge without base; cohort review per file: take ours / take upstream / merge; dropped_lines=68
src/plugins/loader.ts	MIXED-CLOBBER	cohort-byte-walk-needed	keep-ours-flag-for-cohort	fc337f05d6 (no change; flagged for cohort byte-walk)	-	3-way merge produced 1 textual conflicts; needs per-hunk human review; dropped_lines=65
src/auto-reply/reply/agent-runner-execution.ts	MIXED-CLOBBER	cohort-byte-walk-needed	keep-ours-flag-for-cohort	fc337f05d6 (no change; flagged for cohort byte-walk)	-	3-way merge produced 37 textual conflicts; needs per-hunk human review; dropped_lines=64
src/auto-reply/reply/session.test.ts	MIXED-CLOBBER	cohort-byte-walk-needed	keep-ours-flag-for-cohort	fc337f05d6 (no change; flagged for cohort byte-walk)	-	3-way merge produced 2 textual conflicts; needs per-hunk human review; dropped_lines=61
src/gateway/server-methods/server-methods.test.ts	MIXED-CLOBBER	cohort-byte-walk-needed	keep-ours-flag-for-cohort	fc337f05d6 (no change; flagged for cohort byte-walk)	-	3-way merge produced 1 textual conflicts; needs per-hunk human review; dropped_lines=58
src/tui/embedded-backend.ts	MIXED-CLOBBER	cohort-byte-walk-needed	keep-ours-flag-for-cohort	fc337f05d6 (no change; flagged for cohort byte-walk)	-	3-way merge produced 12 textual conflicts; needs per-hunk human review; dropped_lines=50
src/infra/diagnostic-trace-context.ts	MIXED-CLOBBER	merge-clean	3-way-merge-auto	upstream/main+fc337f05d6 vs base=0831fb5e80	-	auto-merge clean; dropped_lines=47
test/scripts/test-install-sh-docker.test.ts	MIXED-CLOBBER	cohort-byte-walk-needed	keep-ours-flag-for-cohort	fc337f05d6 (no change; flagged for cohort byte-walk)	-	3-way merge produced 2 textual conflicts; needs per-hunk human review; dropped_lines=45
src/plugins/registry.ts	MIXED-CLOBBER	cohort-byte-walk-needed	keep-ours-flag-for-cohort	fc337f05d6 (no change; flagged for cohort byte-walk)	-	3-way merge produced 3 textual conflicts; needs per-hunk human review; dropped_lines=45
test/scripts/lint-suppressions.test.ts	MIXED-CLOBBER	cohort-byte-walk-needed	keep-ours-flag-for-cohort	fc337f05d6 (no change; flagged for cohort byte-walk)	-	3-way merge produced 2 textual conflicts; needs per-hunk human review; dropped_lines=44
src/plugins/commands.ts	MIXED-CLOBBER	merge-clean	3-way-merge-auto	upstream/main+fc337f05d6 vs base=0831fb5e80	-	auto-merge clean; dropped_lines=43
src/auto-reply/reply/agent-runner-execution.test.ts	MIXED-CLOBBER	cohort-byte-walk-needed	keep-ours-flag-for-cohort	fc337f05d6 (no change; flagged for cohort byte-walk)	-	3-way merge produced 6 textual conflicts; needs per-hunk human review; dropped_lines=43
src/cron/isolated-agent/run.ts	MIXED-CLOBBER	cohort-byte-walk-needed	keep-ours-flag-for-cohort	fc337f05d6 (no change; flagged for cohort byte-walk)	-	3-way merge produced 9 textual conflicts; needs per-hunk human review; dropped_lines=41
extensions/discord/src/monitor/native-command.plugin-dispatch.test.ts	MIXED-CLOBBER	merge-clean	3-way-merge-auto	upstream/main+fc337f05d6 vs base=0831fb5e80	-	auto-merge clean; dropped_lines=39
src/commands/models/list.list-command.forward-compat.test.ts	MIXED-CLOBBER	cohort-byte-walk-needed	keep-ours-flag-for-cohort	fc337f05d6 (no change; flagged for cohort byte-walk)	-	3-way merge produced 2 textual conflicts; needs per-hunk human review; dropped_lines=37
src/agents/command/attempt-execution.helpers.ts	MIXED-CLOBBER	merge-clean	3-way-merge-auto	upstream/main+fc337f05d6 vs base=0831fb5e80	-	auto-merge clean; dropped_lines=37
src/agents/agent-tools.ts	MIXED-CLOBBER	no-prcreate-base	keep-ours-flag-for-cohort	fc337f05d6 (no change; flagged for cohort byte-walk)	-	file added by our PR after PRCREATE 0831fb5e80; cannot 3-way merge without base; cohort review per file: take ours / take upstream / merge; dropped_lines=37
src/cli/config-cli.test.ts	MIXED-CLOBBER	cohort-byte-walk-needed	keep-ours-flag-for-cohort	fc337f05d6 (no change; flagged for cohort byte-walk)	-	3-way merge produced 2 textual conflicts; needs per-hunk human review; dropped_lines=36
test/vitest/vitest.unit-fast-paths.mjs	MIXED-CLOBBER	merge-clean	3-way-merge-auto	upstream/main+fc337f05d6 vs base=0831fb5e80	-	auto-merge clean; dropped_lines=34
src/gateway/server.impl.ts	MIXED-CLOBBER	cohort-byte-walk-needed	keep-ours-flag-for-cohort	fc337f05d6 (no change; flagged for cohort byte-walk)	-	3-way merge produced 6 textual conflicts; needs per-hunk human review; dropped_lines=34
src/config/sessions.cache.test.ts	MIXED-CLOBBER	cohort-byte-walk-needed	keep-ours-flag-for-cohort	fc337f05d6 (no change; flagged for cohort byte-walk)	-	3-way merge produced 3 textual conflicts; needs per-hunk human review; dropped_lines=33
src/agents/session-write-lock.test.ts	MIXED-CLOBBER	cohort-byte-walk-needed	keep-ours-flag-for-cohort	fc337f05d6 (no change; flagged for cohort byte-walk)	-	3-way merge produced 1 textual conflicts; needs per-hunk human review; dropped_lines=32
src/agents/embedded-agent-runner/runs.test.ts	MIXED-CLOBBER	no-prcreate-base	keep-ours-flag-for-cohort	fc337f05d6 (no change; flagged for cohort byte-walk)	-	file added by our PR after PRCREATE 0831fb5e80; cannot 3-way merge without base; cohort review per file: take ours / take upstream / merge; dropped_lines=32
src/agents/agent-tools.read.ts	MIXED-CLOBBER	no-prcreate-base	keep-ours-flag-for-cohort	fc337f05d6 (no change; flagged for cohort byte-walk)	-	file added by our PR after PRCREATE 0831fb5e80; cannot 3-way merge without base; cohort review per file: take ours / take upstream / merge; dropped_lines=32
src/gateway/server.hooks.test.ts	MIXED-CLOBBER	cohort-byte-walk-needed	keep-ours-flag-for-cohort	fc337f05d6 (no change; flagged for cohort byte-walk)	-	3-way merge produced 1 textual conflicts; needs per-hunk human review; dropped_lines=31
src/agents/subagent-announce.ts	MIXED-CLOBBER	cohort-byte-walk-needed	keep-ours-flag-for-cohort	fc337f05d6 (no change; flagged for cohort byte-walk)	-	3-way merge produced 6 textual conflicts; needs per-hunk human review; dropped_lines=31
ui/src/ui/app-gateway.node.test.ts	MIXED-CLOBBER	cohort-byte-walk-needed	keep-ours-flag-for-cohort	fc337f05d6 (no change; flagged for cohort byte-walk)	-	3-way merge produced 1 textual conflicts; needs per-hunk human review; dropped_lines=29
src/plugin-sdk/root-alias.cjs	MIXED-CLOBBER	cohort-byte-walk-needed	keep-ours-flag-for-cohort	fc337f05d6 (no change; flagged for cohort byte-walk)	-	3-way merge produced 5 textual conflicts; needs per-hunk human review; dropped_lines=29
src/agents/embedded-agent-runner/run/attempt.ts	MIXED-CLOBBER	no-prcreate-base	keep-ours-flag-for-cohort	fc337f05d6 (no change; flagged for cohort byte-walk)	-	file added by our PR after PRCREATE 0831fb5e80; cannot 3-way merge without base; cohort review per file: take ours / take upstream / merge; dropped_lines=29
test/scripts/install-sh.test.ts	MIXED-CLOBBER	cohort-byte-walk-needed	keep-ours-flag-for-cohort	fc337f05d6 (no change; flagged for cohort byte-walk)	-	3-way merge produced 1 textual conflicts; needs per-hunk human review; dropped_lines=27
src/auto-reply/reply/session-updates.ts	MIXED-CLOBBER	cohort-byte-walk-needed	keep-ours-flag-for-cohort	fc337f05d6 (no change; flagged for cohort byte-walk)	-	3-way merge produced 9 textual conflicts; needs per-hunk human review; dropped_lines=27
src/agents/embedded-agent-runner/run.timeout-triggered-compaction.test.ts	MIXED-CLOBBER	no-prcreate-base	keep-ours-flag-for-cohort	fc337f05d6 (no change; flagged for cohort byte-walk)	-	file added by our PR after PRCREATE 0831fb5e80; cannot 3-way merge without base; cohort review per file: take ours / take upstream / merge; dropped_lines=27
src/cli/config-cli.ts	MIXED-CLOBBER	merge-clean	3-way-merge-auto	upstream/main+fc337f05d6 vs base=0831fb5e80	-	auto-merge clean; dropped_lines=24
src/agents/subagent-registry.lifecycle-retry-grace.e2e.test.ts	MIXED-CLOBBER	cohort-byte-walk-needed	keep-ours-flag-for-cohort	fc337f05d6 (no change; flagged for cohort byte-walk)	-	3-way merge produced 2 textual conflicts; needs per-hunk human review; dropped_lines=23
test/scripts/test-projects.test.ts	MIXED-CLOBBER	cohort-byte-walk-needed	keep-ours-flag-for-cohort	fc337f05d6 (no change; flagged for cohort byte-walk)	-	3-way merge produced 3 textual conflicts; needs per-hunk human review; dropped_lines=22
src/agents/model-fallback.test.ts	MIXED-CLOBBER	merge-clean	3-way-merge-auto	upstream/main+fc337f05d6 vs base=0831fb5e80	-	auto-merge clean; dropped_lines=22
src/agents/embedded-agent-runner/compaction-runtime-context.test.ts	MIXED-CLOBBER	no-prcreate-base	keep-ours-flag-for-cohort	fc337f05d6 (no change; flagged for cohort byte-walk)	-	file added by our PR after PRCREATE 0831fb5e80; cannot 3-way merge without base; cohort review per file: take ours / take upstream / merge; dropped_lines=21
src/auto-reply/reply/followup-runner.test.ts	MIXED-CLOBBER	cohort-byte-walk-needed	keep-ours-flag-for-cohort	fc337f05d6 (no change; flagged for cohort byte-walk)	-	3-way merge produced 4 textual conflicts; needs per-hunk human review; dropped_lines=20
src/auto-reply/reply/commands-allowlist.test.ts	MIXED-CLOBBER	merge-clean	3-way-merge-auto	upstream/main+fc337f05d6 vs base=0831fb5e80	-	auto-merge clean; dropped_lines=20
src/tui/tui-session-actions.ts	MIXED-CLOBBER	cohort-byte-walk-needed	keep-ours-flag-for-cohort	fc337f05d6 (no change; flagged for cohort byte-walk)	-	3-way merge produced 1 textual conflicts; needs per-hunk human review; dropped_lines=19
src/gateway/session-utils.fs.ts	MIXED-CLOBBER	merge-clean	3-way-merge-auto	upstream/main+fc337f05d6 vs base=0831fb5e80	-	auto-merge clean; dropped_lines=19
src/gateway/session-utils.fs.test.ts	MIXED-CLOBBER	cohort-byte-walk-needed	keep-ours-flag-for-cohort	fc337f05d6 (no change; flagged for cohort byte-walk)	-	3-way merge produced 1 textual conflicts; needs per-hunk human review; dropped_lines=19
src/agents/command/session-store.ts	MIXED-CLOBBER	cohort-byte-walk-needed	keep-ours-flag-for-cohort	fc337f05d6 (no change; flagged for cohort byte-walk)	-	3-way merge produced 1 textual conflicts; needs per-hunk human review; dropped_lines=19
src/agents/command/attempt-execution.ts	MIXED-CLOBBER	cohort-byte-walk-needed	keep-ours-flag-for-cohort	fc337f05d6 (no change; flagged for cohort byte-walk)	-	3-way merge produced 6 textual conflicts; needs per-hunk human review; dropped_lines=19
test/scripts/npm-telegram-live.test.ts	MIXED-CLOBBER	cohort-byte-walk-needed	keep-ours-flag-for-cohort	fc337f05d6 (no change; flagged for cohort byte-walk)	-	3-way merge produced 2 textual conflicts; needs per-hunk human review; dropped_lines=18
src/agents/model-selection.test.ts	MIXED-CLOBBER	cohort-byte-walk-needed	keep-ours-flag-for-cohort	fc337f05d6 (no change; flagged for cohort byte-walk)	-	3-way merge produced 1 textual conflicts; needs per-hunk human review; dropped_lines=18
src/auto-reply/reply/get-reply-run.media-only.test.ts	MIXED-CLOBBER	cohort-byte-walk-needed	keep-ours-flag-for-cohort	fc337f05d6 (no change; flagged for cohort byte-walk)	-	3-way merge produced 7 textual conflicts; needs per-hunk human review; dropped_lines=17
src/agents/embedded-agent-runner/compact.ts	MIXED-CLOBBER	no-prcreate-base	keep-ours-flag-for-cohort	fc337f05d6 (no change; flagged for cohort byte-walk)	-	file added by our PR after PRCREATE 0831fb5e80; cannot 3-way merge without base; cohort review per file: take ours / take upstream / merge; dropped_lines=17
src/tui/tui-pty-harness.e2e.test.ts	MIXED-CLOBBER	no-prcreate-base	keep-ours-flag-for-cohort	fc337f05d6 (no change; flagged for cohort byte-walk)	-	file added by our PR after PRCREATE 0831fb5e80; cannot 3-way merge without base; cohort review per file: take ours / take upstream / merge; dropped_lines=16
src/gateway/operator-approvals-client.ts	MIXED-CLOBBER	cohort-byte-walk-needed	keep-ours-flag-for-cohort	fc337f05d6 (no change; flagged for cohort byte-walk)	-	3-way merge produced 2 textual conflicts; needs per-hunk human review; dropped_lines=16
src/flows/channel-setup.status.test.ts	MIXED-CLOBBER	cohort-byte-walk-needed	keep-ours-flag-for-cohort	fc337f05d6 (no change; flagged for cohort byte-walk)	-	3-way merge produced 2 textual conflicts; needs per-hunk human review; dropped_lines=16
src/agents/model-fallback.ts	MIXED-CLOBBER	cohort-byte-walk-needed	keep-ours-flag-for-cohort	fc337f05d6 (no change; flagged for cohort byte-walk)	-	3-way merge produced 4 textual conflicts; needs per-hunk human review; dropped_lines=16
src/plugins/install.npm-spec.test.ts	MIXED-CLOBBER	merge-clean	3-way-merge-auto	upstream/main+fc337f05d6 vs base=0831fb5e80	-	auto-merge clean; dropped_lines=15
src/commands/agent.test.ts	MIXED-CLOBBER	merge-clean	3-way-merge-auto	upstream/main+fc337f05d6 vs base=0831fb5e80	-	auto-merge clean; dropped_lines=15
src/media/read-capability.ts	MIXED-CLOBBER	merge-clean	3-way-merge-auto	upstream/main+fc337f05d6 vs base=0831fb5e80	-	auto-merge clean; dropped_lines=14
src/agents/command/attempt-execution.cli.test.ts	MIXED-CLOBBER	cohort-byte-walk-needed	keep-ours-flag-for-cohort	fc337f05d6 (no change; flagged for cohort byte-walk)	-	3-way merge produced 3 textual conflicts; needs per-hunk human review; dropped_lines=14
extensions/memory-core/src/dreaming.ts	MIXED-CLOBBER	cohort-byte-walk-needed	keep-ours-flag-for-cohort	fc337f05d6 (no change; flagged for cohort byte-walk)	-	3-way merge produced 1 textual conflicts; needs per-hunk human review; dropped_lines=14
tsdown.config.ts	MIXED-CLOBBER	cohort-byte-walk-needed	keep-ours-flag-for-cohort	fc337f05d6 (no change; flagged for cohort byte-walk)	-	3-way merge produced 4 textual conflicts; needs per-hunk human review; dropped_lines=13
test/release-check.test.ts	MIXED-CLOBBER	cohort-byte-walk-needed	keep-ours-flag-for-cohort	fc337f05d6 (no change; flagged for cohort byte-walk)	-	3-way merge produced 1 textual conflicts; needs per-hunk human review; dropped_lines=13
src/gateway/mcp-http.test.ts	MIXED-CLOBBER	cohort-byte-walk-needed	keep-ours-flag-for-cohort	fc337f05d6 (no change; flagged for cohort byte-walk)	-	3-way merge produced 4 textual conflicts; needs per-hunk human review; dropped_lines=13
src/agents/cli-runner/prepare.test.ts	MIXED-CLOBBER	cohort-byte-walk-needed	keep-ours-flag-for-cohort	fc337f05d6 (no change; flagged for cohort byte-walk)	-	3-way merge produced 3 textual conflicts; needs per-hunk human review; dropped_lines=13
src/gateway/server.auth.browser-hardening.test.ts	MIXED-CLOBBER	merge-clean	3-way-merge-auto	upstream/main+fc337f05d6 vs base=0831fb5e80	-	auto-merge clean; dropped_lines=12
src/agents/embedded-agent-runner/runs.ts	MIXED-CLOBBER	no-prcreate-base	keep-ours-flag-for-cohort	fc337f05d6 (no change; flagged for cohort byte-walk)	-	file added by our PR after PRCREATE 0831fb5e80; cannot 3-way merge without base; cohort review per file: take ours / take upstream / merge; dropped_lines=12
package.json	MIXED-CLOBBER	cohort-byte-walk-needed	keep-ours-flag-for-cohort	fc337f05d6 (no change; flagged for cohort byte-walk)	-	3-way merge produced 6 textual conflicts; needs per-hunk human review; dropped_lines=12
src/logging/diagnostic.ts	MIXED-CLOBBER	cohort-byte-walk-needed	keep-ours-flag-for-cohort	fc337f05d6 (no change; flagged for cohort byte-walk)	-	3-way merge produced 4 textual conflicts; needs per-hunk human review; dropped_lines=11
src/gateway/server-startup-post-attach.test.ts	MIXED-CLOBBER	cohort-byte-walk-needed	keep-ours-flag-for-cohort	fc337f05d6 (no change; flagged for cohort byte-walk)	-	3-way merge produced 5 textual conflicts; needs per-hunk human review; dropped_lines=11
src/config/schema.help.ts	MIXED-CLOBBER	merge-clean	3-way-merge-auto	upstream/main+fc337f05d6 vs base=0831fb5e80	-	auto-merge clean; dropped_lines=11
src/agents/subagent-registry.test.ts	MIXED-CLOBBER	cohort-byte-walk-needed	keep-ours-flag-for-cohort	fc337f05d6 (no change; flagged for cohort byte-walk)	-	3-way merge produced 16 textual conflicts; needs per-hunk human review; dropped_lines=11
scripts/release-check.ts	MIXED-CLOBBER	cohort-byte-walk-needed	keep-ours-flag-for-cohort	fc337f05d6 (no change; flagged for cohort byte-walk)	-	3-way merge produced 1 textual conflicts; needs per-hunk human review; dropped_lines=11
extensions/telegram/src/bot-native-commands.ts	MIXED-CLOBBER	cohort-byte-walk-needed	keep-ours-flag-for-cohort	fc337f05d6 (no change; flagged for cohort byte-walk)	-	3-way merge produced 2 textual conflicts; needs per-hunk human review; dropped_lines=11
src/tui/tui.test.ts	MIXED-CLOBBER	cohort-byte-walk-needed	keep-ours-flag-for-cohort	fc337f05d6 (no change; flagged for cohort byte-walk)	-	3-way merge produced 1 textual conflicts; needs per-hunk human review; dropped_lines=10
src/agents/embedded-agent-runner/model.ts	MIXED-CLOBBER	no-prcreate-base	keep-ours-flag-for-cohort	fc337f05d6 (no change; flagged for cohort byte-walk)	-	file added by our PR after PRCREATE 0831fb5e80; cannot 3-way merge without base; cohort review per file: take ours / take upstream / merge; dropped_lines=10
src/agents/auth-profiles/session-override.ts	MIXED-CLOBBER	merge-clean	3-way-merge-auto	upstream/main+fc337f05d6 vs base=0831fb5e80	-	auto-merge clean; dropped_lines=10
test/fixtures/agents/prompt-snapshots/codex-runtime-happy-path/telegram-heartbeat-codex-tool.md	MIXED-CLOBBER	cohort-byte-walk-needed	keep-ours-flag-for-cohort	fc337f05d6 (no change; flagged for cohort byte-walk)	-	3-way merge produced 5 textual conflicts; needs per-hunk human review; dropped_lines=9
test/fixtures/agents/prompt-snapshots/codex-runtime-happy-path/telegram-direct-codex-message-tool.md	MIXED-CLOBBER	cohort-byte-walk-needed	keep-ours-flag-for-cohort	fc337f05d6 (no change; flagged for cohort byte-walk)	-	3-way merge produced 5 textual conflicts; needs per-hunk human review; dropped_lines=9
test/fixtures/agents/prompt-snapshots/codex-runtime-happy-path/discord-group-codex-message-tool.md	MIXED-CLOBBER	cohort-byte-walk-needed	keep-ours-flag-for-cohort	fc337f05d6 (no change; flagged for cohort byte-walk)	-	3-way merge produced 5 textual conflicts; needs per-hunk human review; dropped_lines=9
src/logging/diagnostic.test.ts	MIXED-CLOBBER	cohort-byte-walk-needed	keep-ours-flag-for-cohort	fc337f05d6 (no change; flagged for cohort byte-walk)	-	3-way merge produced 4 textual conflicts; needs per-hunk human review; dropped_lines=9
src/infra/heartbeat-runner.ts	MIXED-CLOBBER	merge-clean	3-way-merge-auto	upstream/main+fc337f05d6 vs base=0831fb5e80	-	auto-merge clean; dropped_lines=9
src/gateway/chat-abort.ts	MIXED-CLOBBER	cohort-byte-walk-needed	keep-ours-flag-for-cohort	fc337f05d6 (no change; flagged for cohort byte-walk)	-	3-way merge produced 3 textual conflicts; needs per-hunk human review; dropped_lines=9
src/config/sessions.test.ts	MIXED-CLOBBER	cohort-byte-walk-needed	keep-ours-flag-for-cohort	fc337f05d6 (no change; flagged for cohort byte-walk)	-	3-way merge produced 1 textual conflicts; needs per-hunk human review; dropped_lines=9
src/agents/subagent-registry-helpers.ts	MIXED-CLOBBER	merge-clean	3-way-merge-auto	upstream/main+fc337f05d6 vs base=0831fb5e80	-	auto-merge clean; dropped_lines=9
src/agents/sandbox-media-paths.test.ts	MIXED-CLOBBER	cohort-byte-walk-needed	keep-ours-flag-for-cohort	fc337f05d6 (no change; flagged for cohort byte-walk)	-	3-way merge produced 1 textual conflicts; needs per-hunk human review; dropped_lines=9
src/agents/openai-responses-payload-policy.ts	MIXED-CLOBBER	cohort-byte-walk-needed	keep-ours-flag-for-cohort	fc337f05d6 (no change; flagged for cohort byte-walk)	-	3-way merge produced 1 textual conflicts; needs per-hunk human review; dropped_lines=9
packages/gateway-protocol/src/schema/agent.ts	MIXED-CLOBBER	no-prcreate-base	keep-ours-flag-for-cohort	fc337f05d6 (no change; flagged for cohort byte-walk)	-	file added by our PR after PRCREATE 0831fb5e80; cannot 3-way merge without base; cohort review per file: take ours / take upstream / merge; dropped_lines=9
ui/src/i18n/.i18n/raw-copy-baseline.json	MIXED-CLOBBER	cohort-byte-walk-needed	keep-ours-flag-for-cohort	fc337f05d6 (no change; flagged for cohort byte-walk)	-	3-way merge produced 1 textual conflicts; needs per-hunk human review; dropped_lines=8
src/infra/system-events.test.ts	MIXED-CLOBBER	cohort-byte-walk-needed	keep-ours-flag-for-cohort	fc337f05d6 (no change; flagged for cohort byte-walk)	-	3-way merge produced 2 textual conflicts; needs per-hunk human review; dropped_lines=8
src/auto-reply/tokens.test.ts	MIXED-CLOBBER	cohort-byte-walk-needed	keep-ours-flag-for-cohort	fc337f05d6 (no change; flagged for cohort byte-walk)	-	3-way merge produced 2 textual conflicts; needs per-hunk human review; dropped_lines=8
src/auto-reply/reply/session-system-events.ts	MIXED-CLOBBER	cohort-byte-walk-needed	keep-ours-flag-for-cohort	fc337f05d6 (no change; flagged for cohort byte-walk)	-	3-way merge produced 5 textual conflicts; needs per-hunk human review; dropped_lines=8
src/agents/agent-tools.before-tool-call.e2e.test.ts	MIXED-CLOBBER	no-prcreate-base	keep-ours-flag-for-cohort	fc337f05d6 (no change; flagged for cohort byte-walk)	-	file added by our PR after PRCREATE 0831fb5e80; cannot 3-way merge without base; cohort review per file: take ours / take upstream / merge; dropped_lines=8
scripts/e2e/parallels/npm-update-smoke.ts	MIXED-CLOBBER	merge-clean	3-way-merge-auto	upstream/main+fc337f05d6 vs base=0831fb5e80	-	auto-merge clean; dropped_lines=8
extensions/diagnostics-otel/src/service.test.ts	MIXED-CLOBBER	cohort-byte-walk-needed	keep-ours-flag-for-cohort	fc337f05d6 (no change; flagged for cohort byte-walk)	-	3-way merge produced 3 textual conflicts; needs per-hunk human review; dropped_lines=8
extensions/codex/src/app-server/run-attempt.ts	MIXED-CLOBBER	cohort-byte-walk-needed	keep-ours-flag-for-cohort	fc337f05d6 (no change; flagged for cohort byte-walk)	-	3-way merge produced 12 textual conflicts; needs per-hunk human review; dropped_lines=8
apps/shared/OpenClawKit/Sources/OpenClawProtocol/GatewayModels.swift	MIXED-CLOBBER	merge-clean	3-way-merge-auto	upstream/main+fc337f05d6 vs base=0831fb5e80	-	auto-merge clean; dropped_lines=8
src/infra/session-delivery-queue-storage.ts	MIXED-CLOBBER	cohort-byte-walk-needed	keep-ours-flag-for-cohort	fc337f05d6 (no change; flagged for cohort byte-walk)	-	3-way merge produced 2 textual conflicts; needs per-hunk human review; dropped_lines=7
src/auto-reply/reply/session-reset-model.ts	MIXED-CLOBBER	merge-clean	3-way-merge-auto	upstream/main+fc337f05d6 vs base=0831fb5e80	-	auto-merge clean; dropped_lines=7
src/auto-reply/reply/commands-gating.test.ts	MIXED-CLOBBER	cohort-byte-walk-needed	keep-ours-flag-for-cohort	fc337f05d6 (no change; flagged for cohort byte-walk)	-	3-way merge produced 1 textual conflicts; needs per-hunk human review; dropped_lines=7
src/agents/session-write-lock.ts	MIXED-CLOBBER	cohort-byte-walk-needed	keep-ours-flag-for-cohort	fc337f05d6 (no change; flagged for cohort byte-walk)	-	3-way merge produced 3 textual conflicts; needs per-hunk human review; dropped_lines=7
src/agents/sandbox/remote-fs-bridge.ts	MIXED-CLOBBER	merge-clean	3-way-merge-auto	upstream/main+fc337f05d6 vs base=0831fb5e80	-	auto-merge clean; dropped_lines=7
src/agents/openai-responses-payload-policy.test.ts	MIXED-CLOBBER	cohort-byte-walk-needed	keep-ours-flag-for-cohort	fc337f05d6 (no change; flagged for cohort byte-walk)	-	3-way merge produced 1 textual conflicts; needs per-hunk human review; dropped_lines=7
extensions/codex/src/app-server/event-projector.test.ts	MIXED-CLOBBER	cohort-byte-walk-needed	keep-ours-flag-for-cohort	fc337f05d6 (no change; flagged for cohort byte-walk)	-	3-way merge produced 3 textual conflicts; needs per-hunk human review; dropped_lines=7
src/infra/system-events.ts	MIXED-CLOBBER	cohort-byte-walk-needed	keep-ours-flag-for-cohort	fc337f05d6 (no change; flagged for cohort byte-walk)	-	3-way merge produced 8 textual conflicts; needs per-hunk human review; dropped_lines=6
src/infra/process-respawn.ts	MIXED-CLOBBER	cohort-byte-walk-needed	keep-ours-flag-for-cohort	fc337f05d6 (no change; flagged for cohort byte-walk)	-	3-way merge produced 2 textual conflicts; needs per-hunk human review; dropped_lines=6
src/gateway/tool-resolution.ts	MIXED-CLOBBER	cohort-byte-walk-needed	keep-ours-flag-for-cohort	fc337f05d6 (no change; flagged for cohort byte-walk)	-	3-way merge produced 2 textual conflicts; needs per-hunk human review; dropped_lines=6
src/flows/channel-setup.test.ts	MIXED-CLOBBER	merge-clean	3-way-merge-auto	upstream/main+fc337f05d6 vs base=0831fb5e80	-	auto-merge clean; dropped_lines=6
src/config/sessions/session-file.ts	MIXED-CLOBBER	merge-clean	3-way-merge-auto	upstream/main+fc337f05d6 vs base=0831fb5e80	-	auto-merge clean; dropped_lines=6
src/auto-reply/reply/commands-system-prompt.ts	MIXED-CLOBBER	merge-clean	3-way-merge-auto	upstream/main+fc337f05d6 vs base=0831fb5e80	-	auto-merge clean; dropped_lines=6
src/auto-reply/reply/commands-system-prompt.test.ts	MIXED-CLOBBER	cohort-byte-walk-needed	keep-ours-flag-for-cohort	fc337f05d6 (no change; flagged for cohort byte-walk)	-	3-way merge produced 3 textual conflicts; needs per-hunk human review; dropped_lines=6
src/auto-reply/reply/body.ts	MIXED-CLOBBER	merge-clean	3-way-merge-auto	upstream/main+fc337f05d6 vs base=0831fb5e80	-	auto-merge clean; dropped_lines=6
src/agents/embedded-agent-subscribe.handlers.compaction.ts	MIXED-CLOBBER	no-prcreate-base	keep-ours-flag-for-cohort	fc337f05d6 (no change; flagged for cohort byte-walk)	-	file added by our PR after PRCREATE 0831fb5e80; cannot 3-way merge without base; cohort review per file: take ours / take upstream / merge; dropped_lines=6
docs/plugins/codex-harness-runtime.md	MIXED-CLOBBER	no-prcreate-base	keep-ours-flag-for-cohort	fc337f05d6 (no change; flagged for cohort byte-walk)	-	file added by our PR after PRCREATE 0831fb5e80; cannot 3-way merge without base; cohort review per file: take ours / take upstream / merge; dropped_lines=6
docs/plugins/codex-harness-reference.md	MIXED-CLOBBER	no-prcreate-base	keep-ours-flag-for-cohort	fc337f05d6 (no change; flagged for cohort byte-walk)	-	file added by our PR after PRCREATE 0831fb5e80; cannot 3-way merge without base; cohort review per file: take ours / take upstream / merge; dropped_lines=6
ui/src/ui/app-gateway.ts	MIXED-CLOBBER	merge-clean	3-way-merge-auto	upstream/main+fc337f05d6 vs base=0831fb5e80	-	auto-merge clean; dropped_lines=5
test/vitest-scoped-config.test.ts	MIXED-CLOBBER	merge-clean	3-way-merge-auto	upstream/main+fc337f05d6 vs base=0831fb5e80	-	auto-merge clean; dropped_lines=5
src/plugins/contracts/plugin-sdk-package-contract-guardrails.test.ts	MIXED-CLOBBER	cohort-byte-walk-needed	keep-ours-flag-for-cohort	fc337f05d6 (no change; flagged for cohort byte-walk)	-	3-way merge produced 1 textual conflicts; needs per-hunk human review; dropped_lines=5
src/infra/session-delivery-queue-recovery.ts	MIXED-CLOBBER	merge-clean	3-way-merge-auto	upstream/main+fc337f05d6 vs base=0831fb5e80	-	auto-merge clean; dropped_lines=5
src/gateway/sessions-patch.ts	MIXED-CLOBBER	cohort-byte-walk-needed	keep-ours-flag-for-cohort	fc337f05d6 (no change; flagged for cohort byte-walk)	-	3-way merge produced 1 textual conflicts; needs per-hunk human review; dropped_lines=5
src/commands/status.test.ts	MIXED-CLOBBER	merge-clean	3-way-merge-auto	upstream/main+fc337f05d6 vs base=0831fb5e80	-	auto-merge clean; dropped_lines=5
src/commands/channel-setup/workspace-shadow-bypass.test.ts	MIXED-CLOBBER	merge-clean	3-way-merge-auto	upstream/main+fc337f05d6 vs base=0831fb5e80	-	auto-merge clean; dropped_lines=5
src/auto-reply/reply/model-selection.ts	MIXED-CLOBBER	merge-clean	3-way-merge-auto	upstream/main+fc337f05d6 vs base=0831fb5e80	-	auto-merge clean; dropped_lines=5
src/agents/tools-effective-inventory.ts	MIXED-CLOBBER	cohort-byte-walk-needed	keep-ours-flag-for-cohort	fc337f05d6 (no change; flagged for cohort byte-walk)	-	3-way merge produced 6 textual conflicts; needs per-hunk human review; dropped_lines=5
src/agents/subagent-spawn.ts	MIXED-CLOBBER	cohort-byte-walk-needed	keep-ours-flag-for-cohort	fc337f05d6 (no change; flagged for cohort byte-walk)	-	3-way merge produced 4 textual conflicts; needs per-hunk human review; dropped_lines=5
src/agents/agent-tools.before-tool-call.ts	MIXED-CLOBBER	no-prcreate-base	keep-ours-flag-for-cohort	fc337f05d6 (no change; flagged for cohort byte-walk)	-	file added by our PR after PRCREATE 0831fb5e80; cannot 3-way merge without base; cohort review per file: take ours / take upstream / merge; dropped_lines=5
pnpm-lock.yaml	MIXED-CLOBBER	cohort-byte-walk-needed	keep-ours-flag-for-cohort	fc337f05d6 (no change; flagged for cohort byte-walk)	-	3-way merge produced 27 textual conflicts; needs per-hunk human review; dropped_lines=5
extensions/diagnostics-otel/src/service.ts	MIXED-CLOBBER	cohort-byte-walk-needed	keep-ours-flag-for-cohort	fc337f05d6 (no change; flagged for cohort byte-walk)	-	3-way merge produced 4 textual conflicts; needs per-hunk human review; dropped_lines=5
test/scripts/openclaw-e2e-instance.test.ts	MIXED-CLOBBER	no-prcreate-base	keep-ours-flag-for-cohort	fc337f05d6 (no change; flagged for cohort byte-walk)	-	file added by our PR after PRCREATE 0831fb5e80; cannot 3-way merge without base; cohort review per file: take ours / take upstream / merge; dropped_lines=4
src/auto-reply/reply/session-updates.test.ts	MIXED-CLOBBER	cohort-byte-walk-needed	keep-ours-flag-for-cohort	fc337f05d6 (no change; flagged for cohort byte-walk)	-	3-way merge produced 1 textual conflicts; needs per-hunk human review; dropped_lines=4
src/auto-reply/reply/session.ts	MIXED-CLOBBER	merge-clean	3-way-merge-auto	upstream/main+fc337f05d6 vs base=0831fb5e80	-	auto-merge clean; dropped_lines=4
src/auto-reply/reply/prompt-prelude.ts	MIXED-CLOBBER	cohort-byte-walk-needed	keep-ours-flag-for-cohort	fc337f05d6 (no change; flagged for cohort byte-walk)	-	3-way merge produced 1 textual conflicts; needs per-hunk human review; dropped_lines=4
src/auto-reply/reply/directive-handling.impl.ts	MIXED-CLOBBER	cohort-byte-walk-needed	keep-ours-flag-for-cohort	fc337f05d6 (no change; flagged for cohort byte-walk)	-	3-way merge produced 1 textual conflicts; needs per-hunk human review; dropped_lines=4
src/auto-reply/reply/abort-cutoff.runtime.ts	MIXED-CLOBBER	merge-clean	3-way-merge-auto	upstream/main+fc337f05d6 vs base=0831fb5e80	-	auto-merge clean; dropped_lines=4
src/agents/subagent-control.test.ts	MIXED-CLOBBER	cohort-byte-walk-needed	keep-ours-flag-for-cohort	fc337f05d6 (no change; flagged for cohort byte-walk)	-	3-way merge produced 1 textual conflicts; needs per-hunk human review; dropped_lines=4
src/agents/subagent-announce.timeout.test.ts	MIXED-CLOBBER	cohort-byte-walk-needed	keep-ours-flag-for-cohort	fc337f05d6 (no change; flagged for cohort byte-walk)	-	3-way merge produced 1 textual conflicts; needs per-hunk human review; dropped_lines=4
src/agents/live-model-switch.test.ts	MIXED-CLOBBER	merge-clean	3-way-merge-auto	upstream/main+fc337f05d6 vs base=0831fb5e80	-	auto-merge clean; dropped_lines=4
src/agents/embedded-agent-runner/context-engine-capabilities.ts	MIXED-CLOBBER	no-prcreate-base	keep-ours-flag-for-cohort	fc337f05d6 (no change; flagged for cohort byte-walk)	-	file added by our PR after PRCREATE 0831fb5e80; cannot 3-way merge without base; cohort review per file: take ours / take upstream / merge; dropped_lines=4
src/agents/embedded-agent-runner/compact.types.ts	MIXED-CLOBBER	no-prcreate-base	keep-ours-flag-for-cohort	fc337f05d6 (no change; flagged for cohort byte-walk)	-	file added by our PR after PRCREATE 0831fb5e80; cannot 3-way merge without base; cohort review per file: take ours / take upstream / merge; dropped_lines=4
src/agents/cli-runner/prepare.ts	MIXED-CLOBBER	cohort-byte-walk-needed	keep-ours-flag-for-cohort	fc337f05d6 (no change; flagged for cohort byte-walk)	-	3-way merge produced 4 textual conflicts; needs per-hunk human review; dropped_lines=4
src/agents/agent-tools.workspace-paths.test.ts	MIXED-CLOBBER	no-prcreate-base	keep-ours-flag-for-cohort	fc337f05d6 (no change; flagged for cohort byte-walk)	-	file added by our PR after PRCREATE 0831fb5e80; cannot 3-way merge without base; cohort review per file: take ours / take upstream / merge; dropped_lines=4
extensions/memory-core/src/dreaming.test.ts	MIXED-CLOBBER	merge-clean	3-way-merge-auto	upstream/main+fc337f05d6 vs base=0831fb5e80	-	auto-merge clean; dropped_lines=4
ui/src/ui/chat/tool-cards.ts	MIXED-CLOBBER	cohort-byte-walk-needed	keep-ours-flag-for-cohort	fc337f05d6 (no change; flagged for cohort byte-walk)	-	3-way merge produced 2 textual conflicts; needs per-hunk human review; dropped_lines=3
src/plugins/wired-hooks-compaction.test.ts	MIXED-CLOBBER	merge-clean	3-way-merge-auto	upstream/main+fc337f05d6 vs base=0831fb5e80	-	auto-merge clean; dropped_lines=3
src/plugins/types.ts	MIXED-CLOBBER	merge-clean	3-way-merge-auto	upstream/main+fc337f05d6 vs base=0831fb5e80	-	auto-merge clean; dropped_lines=3
src/plugins/plugin-graceful-init-failure.test.ts	MIXED-CLOBBER	merge-clean	3-way-merge-auto	upstream/main+fc337f05d6 vs base=0831fb5e80	-	auto-merge clean; dropped_lines=3
src/commands/doctor-legacy-config.migrations.test.ts	MIXED-CLOBBER	merge-clean	3-way-merge-auto	upstream/main+fc337f05d6 vs base=0831fb5e80	-	auto-merge clean; dropped_lines=3
src/auto-reply/reply/inbound-meta.test.ts	MIXED-CLOBBER	cohort-byte-walk-needed	keep-ours-flag-for-cohort	fc337f05d6 (no change; flagged for cohort byte-walk)	-	3-way merge produced 1 textual conflicts; needs per-hunk human review; dropped_lines=3
src/auto-reply/reply/inbound-context.ts	MIXED-CLOBBER	merge-clean	3-way-merge-auto	upstream/main+fc337f05d6 vs base=0831fb5e80	-	auto-merge clean; dropped_lines=3
src/auto-reply/reply/get-reply-run.ts	MIXED-CLOBBER	cohort-byte-walk-needed	keep-ours-flag-for-cohort	fc337f05d6 (no change; flagged for cohort byte-walk)	-	3-way merge produced 1 textual conflicts; needs per-hunk human review; dropped_lines=3
src/auto-reply/reply/directive-handling.persist.ts	MIXED-CLOBBER	cohort-byte-walk-needed	keep-ours-flag-for-cohort	fc337f05d6 (no change; flagged for cohort byte-walk)	-	3-way merge produced 1 textual conflicts; needs per-hunk human review; dropped_lines=3
src/auto-reply/reply/directive-handling.mixed-inline.test.ts	MIXED-CLOBBER	cohort-byte-walk-needed	keep-ours-flag-for-cohort	fc337f05d6 (no change; flagged for cohort byte-walk)	-	3-way merge produced 1 textual conflicts; needs per-hunk human review; dropped_lines=3
src/auto-reply/inbound.test.ts	MIXED-CLOBBER	merge-clean	3-way-merge-auto	upstream/main+fc337f05d6 vs base=0831fb5e80	-	auto-merge clean; dropped_lines=3
src/agents/live-model-switch.ts	MIXED-CLOBBER	merge-clean	3-way-merge-auto	upstream/main+fc337f05d6 vs base=0831fb5e80	-	auto-merge clean; dropped_lines=3
src/agents/embedded-agent-runner/compact.hooks.harness.ts	MIXED-CLOBBER	no-prcreate-base	keep-ours-flag-for-cohort	fc337f05d6 (no change; flagged for cohort byte-walk)	-	file added by our PR after PRCREATE 0831fb5e80; cannot 3-way merge without base; cohort review per file: take ours / take upstream / merge; dropped_lines=3
extensions/telegram/src/bot-handlers.runtime.ts	MIXED-CLOBBER	cohort-byte-walk-needed	keep-ours-flag-for-cohort	fc337f05d6 (no change; flagged for cohort byte-walk)	-	3-way merge produced 3 textual conflicts; needs per-hunk human review; dropped_lines=3
docs/automation/cron-jobs.md	MIXED-CLOBBER	merge-clean	3-way-merge-auto	upstream/main+fc337f05d6 vs base=0831fb5e80	-	auto-merge clean; dropped_lines=3
ui/src/ui/chat/grouped-render.ts	MIXED-CLOBBER	cohort-byte-walk-needed	keep-ours-flag-for-cohort	fc337f05d6 (no change; flagged for cohort byte-walk)	-	3-way merge produced 1 textual conflicts; needs per-hunk human review; dropped_lines=2
ui/src/ui/app-gateway-chat-load.node.test.ts	MIXED-CLOBBER	merge-clean	3-way-merge-auto	upstream/main+fc337f05d6 vs base=0831fb5e80	-	auto-merge clean; dropped_lines=2
src/infra/process-respawn.test.ts	MIXED-CLOBBER	cohort-byte-walk-needed	keep-ours-flag-for-cohort	fc337f05d6 (no change; flagged for cohort byte-walk)	-	3-way merge produced 1 textual conflicts; needs per-hunk human review; dropped_lines=2
src/infra/heartbeat-wake.ts	MIXED-CLOBBER	cohort-byte-walk-needed	keep-ours-flag-for-cohort	fc337f05d6 (no change; flagged for cohort byte-walk)	-	3-way merge produced 5 textual conflicts; needs per-hunk human review; dropped_lines=2
src/gateway/session-utils.subagent.test.ts	MIXED-CLOBBER	merge-clean	3-way-merge-auto	upstream/main+fc337f05d6 vs base=0831fb5e80	-	auto-merge clean; dropped_lines=2
src/gateway/session-compaction-checkpoints.ts	MIXED-CLOBBER	merge-clean	3-way-merge-auto	upstream/main+fc337f05d6 vs base=0831fb5e80	-	auto-merge clean; dropped_lines=2
src/gateway/server-restart-sentinel.ts	MIXED-CLOBBER	cohort-byte-walk-needed	keep-ours-flag-for-cohort	fc337f05d6 (no change; flagged for cohort byte-walk)	-	3-way merge produced 3 textual conflicts; needs per-hunk human review; dropped_lines=2
src/gateway/probe.close-drain.test.ts	MIXED-CLOBBER	no-prcreate-base	keep-ours-flag-for-cohort	fc337f05d6 (no change; flagged for cohort byte-walk)	-	file added by our PR after PRCREATE 0831fb5e80; cannot 3-way merge without base; cohort review per file: take ours / take upstream / merge; dropped_lines=2
src/config/sessions/types.ts	MIXED-CLOBBER	cohort-byte-walk-needed	keep-ours-flag-for-cohort	fc337f05d6 (no change; flagged for cohort byte-walk)	-	3-way merge produced 5 textual conflicts; needs per-hunk human review; dropped_lines=2
src/config/sessions/store-cache.ts	MIXED-CLOBBER	cohort-byte-walk-needed	keep-ours-flag-for-cohort	fc337f05d6 (no change; flagged for cohort byte-walk)	-	3-way merge produced 3 textual conflicts; needs per-hunk human review; dropped_lines=2
src/auto-reply/status.test.ts	MIXED-CLOBBER	cohort-byte-walk-needed	keep-ours-flag-for-cohort	fc337f05d6 (no change; flagged for cohort byte-walk)	-	3-way merge produced 3 textual conflicts; needs per-hunk human review; dropped_lines=2
src/agents/utils/tools-manager.ts	MIXED-CLOBBER	no-prcreate-base	keep-ours-flag-for-cohort	fc337f05d6 (no change; flagged for cohort byte-walk)	-	file added by our PR after PRCREATE 0831fb5e80; cannot 3-way merge without base; cohort review per file: take ours / take upstream / merge; dropped_lines=2
src/agents/subagent-announce.test.ts	MIXED-CLOBBER	cohort-byte-walk-needed	keep-ours-flag-for-cohort	fc337f05d6 (no change; flagged for cohort byte-walk)	-	3-way merge produced 1 textual conflicts; needs per-hunk human review; dropped_lines=2
src/agents/subagent-announce-delivery.ts	MIXED-CLOBBER	cohort-byte-walk-needed	keep-ours-flag-for-cohort	fc337f05d6 (no change; flagged for cohort byte-walk)	-	3-way merge produced 5 textual conflicts; needs per-hunk human review; dropped_lines=2
src/agents/embedded-agent-runner/run.overflow-compaction.harness.ts	MIXED-CLOBBER	no-prcreate-base	keep-ours-flag-for-cohort	fc337f05d6 (no change; flagged for cohort byte-walk)	-	file added by our PR after PRCREATE 0831fb5e80; cannot 3-way merge without base; cohort review per file: take ours / take upstream / merge; dropped_lines=2
src/agents/embedded-agent-runner/compact.queued.ts	MIXED-CLOBBER	no-prcreate-base	keep-ours-flag-for-cohort	fc337f05d6 (no change; flagged for cohort byte-walk)	-	file added by our PR after PRCREATE 0831fb5e80; cannot 3-way merge without base; cohort review per file: take ours / take upstream / merge; dropped_lines=2
src/agents/command/types.ts	MIXED-CLOBBER	cohort-byte-walk-needed	keep-ours-flag-for-cohort	fc337f05d6 (no change; flagged for cohort byte-walk)	-	3-way merge produced 3 textual conflicts; needs per-hunk human review; dropped_lines=2
src/agents/auth-profiles.resolve-auth-profile-order.does-not-prioritize-lastgood-round-robin-ordering.test.ts	MIXED-CLOBBER	merge-clean	3-way-merge-auto	upstream/main+fc337f05d6 vs base=0831fb5e80	-	auto-merge clean; dropped_lines=2
src/agents/agent-hooks/compaction-safeguard.ts	MIXED-CLOBBER	no-prcreate-base	keep-ours-flag-for-cohort	fc337f05d6 (no change; flagged for cohort byte-walk)	-	file added by our PR after PRCREATE 0831fb5e80; cannot 3-way merge without base; cohort review per file: take ours / take upstream / merge; dropped_lines=2
scripts/test-projects.test-support.mjs	MIXED-CLOBBER	cohort-byte-walk-needed	keep-ours-flag-for-cohort	fc337f05d6 (no change; flagged for cohort byte-walk)	-	3-way merge produced 1 textual conflicts; needs per-hunk human review; dropped_lines=2
scripts/protocol-gen-swift.ts	MIXED-CLOBBER	cohort-byte-walk-needed	keep-ours-flag-for-cohort	fc337f05d6 (no change; flagged for cohort byte-walk)	-	3-way merge produced 2 textual conflicts; needs per-hunk human review; dropped_lines=2
scripts/e2e/telegram-user-crabbox-proof.ts	MIXED-CLOBBER	no-prcreate-base	keep-ours-flag-for-cohort	fc337f05d6 (no change; flagged for cohort byte-walk)	-	file added by our PR after PRCREATE 0831fb5e80; cannot 3-way merge without base; cohort review per file: take ours / take upstream / merge; dropped_lines=2
.oxlintrc.json	MIXED-CLOBBER	cohort-byte-walk-needed	keep-ours-flag-for-cohort	fc337f05d6 (no change; flagged for cohort byte-walk)	-	3-way merge produced 1 textual conflicts; needs per-hunk human review; dropped_lines=2
extensions/msteams/src/monitor-handler.file-consent.test.ts	MIXED-CLOBBER	merge-clean	3-way-merge-auto	upstream/main+fc337f05d6 vs base=0831fb5e80	-	auto-merge clean; dropped_lines=2
extensions/msteams/src/monitor-handler.feedback-authz.test.ts	MIXED-CLOBBER	merge-clean	3-way-merge-auto	upstream/main+fc337f05d6 vs base=0831fb5e80	-	auto-merge clean; dropped_lines=2
extensions/discord/src/voice/manager.e2e.test.ts	MIXED-CLOBBER	cohort-byte-walk-needed	keep-ours-flag-for-cohort	fc337f05d6 (no change; flagged for cohort byte-walk)	-	3-way merge produced 1 textual conflicts; needs per-hunk human review; dropped_lines=2
extensions/codex/src/app-server/attempt-startup.test.ts	MIXED-CLOBBER	no-prcreate-base	keep-ours-flag-for-cohort	fc337f05d6 (no change; flagged for cohort byte-walk)	-	file added by our PR after PRCREATE 0831fb5e80; cannot 3-way merge without base; cohort review per file: take ours / take upstream / merge; dropped_lines=2
docs/gateway/configuration-reference.md	MIXED-CLOBBER	merge-clean	3-way-merge-auto	upstream/main+fc337f05d6 vs base=0831fb5e80	-	auto-merge clean; dropped_lines=2
.crabbox.yaml	MIXED-CLOBBER	cohort-byte-walk-needed	keep-ours-flag-for-cohort	fc337f05d6 (no change; flagged for cohort byte-walk)	-	3-way merge produced 1 textual conflicts; needs per-hunk human review; dropped_lines=2
ui/src/styles/components.css	MIXED-CLOBBER	merge-clean	3-way-merge-auto	upstream/main+fc337f05d6 vs base=0831fb5e80	-	auto-merge clean; dropped_lines=1
test/vitest/vitest.test-shards.mjs	MIXED-CLOBBER	merge-clean	3-way-merge-auto	upstream/main+fc337f05d6 vs base=0831fb5e80	-	auto-merge clean; dropped_lines=1
src/version.ts	MIXED-CLOBBER	merge-clean	3-way-merge-auto	upstream/main+fc337f05d6 vs base=0831fb5e80	-	auto-merge clean; dropped_lines=1
src/tasks/task-flow-registry.store.sqlite.ts	MIXED-CLOBBER	cohort-byte-walk-needed	keep-ours-flag-for-cohort	fc337f05d6 (no change; flagged for cohort byte-walk)	-	3-way merge produced 2 textual conflicts; needs per-hunk human review; dropped_lines=1
src/infra/session-delivery-queue.ts	MIXED-CLOBBER	merge-clean	3-way-merge-auto	upstream/main+fc337f05d6 vs base=0831fb5e80	-	auto-merge clean; dropped_lines=1
src/infra/session-delivery-queue.storage.test.ts	MIXED-CLOBBER	cohort-byte-walk-needed	keep-ours-flag-for-cohort	fc337f05d6 (no change; flagged for cohort byte-walk)	-	3-way merge produced 1 textual conflicts; needs per-hunk human review; dropped_lines=1
src/infra/session-delivery-queue.recovery.test.ts	MIXED-CLOBBER	merge-clean	3-way-merge-auto	upstream/main+fc337f05d6 vs base=0831fb5e80	-	auto-merge clean; dropped_lines=1
src/infra/heartbeat-reason.ts	MIXED-CLOBBER	merge-clean	3-way-merge-auto	upstream/main+fc337f05d6 vs base=0831fb5e80	-	auto-merge clean; dropped_lines=1
src/infra/heartbeat-reason.test.ts	MIXED-CLOBBER	merge-clean	3-way-merge-auto	upstream/main+fc337f05d6 vs base=0831fb5e80	-	auto-merge clean; dropped_lines=1
src/gateway/hooks.test.ts	MIXED-CLOBBER	merge-clean	3-way-merge-auto	upstream/main+fc337f05d6 vs base=0831fb5e80	-	auto-merge clean; dropped_lines=1
src/gateway/config-reload.test.ts	MIXED-CLOBBER	cohort-byte-walk-needed	keep-ours-flag-for-cohort	fc337f05d6 (no change; flagged for cohort byte-walk)	-	3-way merge produced 1 textual conflicts; needs per-hunk human review; dropped_lines=1
src/config/sessions/artifacts.ts	MIXED-CLOBBER	merge-clean	3-way-merge-auto	upstream/main+fc337f05d6 vs base=0831fb5e80	-	auto-merge clean; dropped_lines=1
src/config/sessions/artifacts.test.ts	MIXED-CLOBBER	merge-clean	3-way-merge-auto	upstream/main+fc337f05d6 vs base=0831fb5e80	-	auto-merge clean; dropped_lines=1
src/config/io.write-config.test.ts	MIXED-CLOBBER	cohort-byte-walk-needed	keep-ours-flag-for-cohort	fc337f05d6 (no change; flagged for cohort byte-walk)	-	3-way merge produced 1 textual conflicts; needs per-hunk human review; dropped_lines=1
src/config/cache-utils.ts	MIXED-CLOBBER	merge-clean	3-way-merge-auto	upstream/main+fc337f05d6 vs base=0831fb5e80	-	auto-merge clean; dropped_lines=1
src/commands/doctor-platform-notes.ts	MIXED-CLOBBER	merge-clean	3-way-merge-auto	upstream/main+fc337f05d6 vs base=0831fb5e80	-	auto-merge clean; dropped_lines=1
src/commands/doctor-lint.ts	MIXED-CLOBBER	no-prcreate-base	keep-ours-flag-for-cohort	fc337f05d6 (no change; flagged for cohort byte-walk)	-	file added by our PR after PRCREATE 0831fb5e80; cannot 3-way merge without base; cohort review per file: take ours / take upstream / merge; dropped_lines=1
src/commands/doctor-lint.test.ts	MIXED-CLOBBER	no-prcreate-base	keep-ours-flag-for-cohort	fc337f05d6 (no change; flagged for cohort byte-walk)	-	file added by our PR after PRCREATE 0831fb5e80; cannot 3-way merge without base; cohort review per file: take ours / take upstream / merge; dropped_lines=1
src/auto-reply/reply/reply-delivery.ts	MIXED-CLOBBER	cohort-byte-walk-needed	keep-ours-flag-for-cohort	fc337f05d6 (no change; flagged for cohort byte-walk)	-	3-way merge produced 2 textual conflicts; needs per-hunk human review; dropped_lines=1
src/auto-reply/reply/queue/types.ts	MIXED-CLOBBER	cohort-byte-walk-needed	keep-ours-flag-for-cohort	fc337f05d6 (no change; flagged for cohort byte-walk)	-	3-way merge produced 3 textual conflicts; needs per-hunk human review; dropped_lines=1
src/auto-reply/inbound-debounce.ts	MIXED-CLOBBER	cohort-byte-walk-needed	keep-ours-flag-for-cohort	fc337f05d6 (no change; flagged for cohort byte-walk)	-	3-way merge produced 1 textual conflicts; needs per-hunk human review; dropped_lines=1
src/agents/tools/session-status-tool.ts	MIXED-CLOBBER	merge-clean	3-way-merge-auto	upstream/main+fc337f05d6 vs base=0831fb5e80	-	auto-merge clean; dropped_lines=1
src/agents/tools/sessions-list-tool.ts	MIXED-CLOBBER	merge-clean	3-way-merge-auto	upstream/main+fc337f05d6 vs base=0831fb5e80	-	auto-merge clean; dropped_lines=1
src/agents/tools/sessions-history-tool.ts	MIXED-CLOBBER	merge-clean	3-way-merge-auto	upstream/main+fc337f05d6 vs base=0831fb5e80	-	auto-merge clean; dropped_lines=1
src/agents/tools/sessions-helpers.ts	MIXED-CLOBBER	merge-clean	3-way-merge-auto	upstream/main+fc337f05d6 vs base=0831fb5e80	-	auto-merge clean; dropped_lines=1
src/agents/system-prompt.ts	MIXED-CLOBBER	cohort-byte-walk-needed	keep-ours-flag-for-cohort	fc337f05d6 (no change; flagged for cohort byte-walk)	-	3-way merge produced 2 textual conflicts; needs per-hunk human review; dropped_lines=1
src/agents/system-prompt.test.ts	MIXED-CLOBBER	merge-clean	3-way-merge-auto	upstream/main+fc337f05d6 vs base=0831fb5e80	-	auto-merge clean; dropped_lines=1
src/agents/subagent-spawn.test-helpers.ts	MIXED-CLOBBER	merge-clean	3-way-merge-auto	upstream/main+fc337f05d6 vs base=0831fb5e80	-	auto-merge clean; dropped_lines=1
src/agents/subagent-registry-state.ts	MIXED-CLOBBER	merge-clean	3-way-merge-auto	upstream/main+fc337f05d6 vs base=0831fb5e80	-	auto-merge clean; dropped_lines=1
src/agents/subagent-registry-lifecycle.ts	MIXED-CLOBBER	cohort-byte-walk-needed	keep-ours-flag-for-cohort	fc337f05d6 (no change; flagged for cohort byte-walk)	-	3-way merge produced 5 textual conflicts; needs per-hunk human review; dropped_lines=1
src/agents/subagent-announce.runtime.ts	MIXED-CLOBBER	cohort-byte-walk-needed	keep-ours-flag-for-cohort	fc337f05d6 (no change; flagged for cohort byte-walk)	-	3-way merge produced 1 textual conflicts; needs per-hunk human review; dropped_lines=1
src/agents/subagent-announce.format.e2e.test.ts	MIXED-CLOBBER	cohort-byte-walk-needed	keep-ours-flag-for-cohort	fc337f05d6 (no change; flagged for cohort byte-walk)	-	3-way merge produced 3 textual conflicts; needs per-hunk human review; dropped_lines=1
src/agents/sandbox/fs-bridge.shell.test.ts	MIXED-CLOBBER	cohort-byte-walk-needed	keep-ours-flag-for-cohort	fc337f05d6 (no change; flagged for cohort byte-walk)	-	3-way merge produced 1 textual conflicts; needs per-hunk human review; dropped_lines=1
src/agents/openclaw-tools.ts	MIXED-CLOBBER	cohort-byte-walk-needed	keep-ours-flag-for-cohort	fc337f05d6 (no change; flagged for cohort byte-walk)	-	3-way merge produced 3 textual conflicts; needs per-hunk human review; dropped_lines=1
src/agents/openclaw-tools.subagents.sessions-spawn.test-harness.ts	MIXED-CLOBBER	merge-clean	3-way-merge-auto	upstream/main+fc337f05d6 vs base=0831fb5e80	-	auto-merge clean; dropped_lines=1
src/agents/embedded-agent-subscribe.handlers.compaction.test.ts	MIXED-CLOBBER	no-prcreate-base	keep-ours-flag-for-cohort	fc337f05d6 (no change; flagged for cohort byte-walk)	-	file added by our PR after PRCREATE 0831fb5e80; cannot 3-way merge without base; cohort review per file: take ours / take upstream / merge; dropped_lines=1
src/agents/embedded-agent-subscribe.handlers.compaction.runtime.ts	MIXED-CLOBBER	no-prcreate-base	keep-ours-flag-for-cohort	fc337f05d6 (no change; flagged for cohort byte-walk)	-	file added by our PR after PRCREATE 0831fb5e80; cannot 3-way merge without base; cohort review per file: take ours / take upstream / merge; dropped_lines=1
src/agents/embedded-agent-runner/run.ts	MIXED-CLOBBER	no-prcreate-base	keep-ours-flag-for-cohort	fc337f05d6 (no change; flagged for cohort byte-walk)	-	file added by our PR after PRCREATE 0831fb5e80; cannot 3-way merge without base; cohort review per file: take ours / take upstream / merge; dropped_lines=1
src/agents/embedded-agent-runner/run/params.ts	MIXED-CLOBBER	no-prcreate-base	keep-ours-flag-for-cohort	fc337f05d6 (no change; flagged for cohort byte-walk)	-	file added by our PR after PRCREATE 0831fb5e80; cannot 3-way merge without base; cohort review per file: take ours / take upstream / merge; dropped_lines=1
src/agents/embedded-agent-runner/run/failover-policy.ts	MIXED-CLOBBER	no-prcreate-base	keep-ours-flag-for-cohort	fc337f05d6 (no change; flagged for cohort byte-walk)	-	file added by our PR after PRCREATE 0831fb5e80; cannot 3-way merge without base; cohort review per file: take ours / take upstream / merge; dropped_lines=1
src/agents/embedded-agent-runner.e2e.test.ts	MIXED-CLOBBER	no-prcreate-base	keep-ours-flag-for-cohort	fc337f05d6 (no change; flagged for cohort byte-walk)	-	file added by our PR after PRCREATE 0831fb5e80; cannot 3-way merge without base; cohort review per file: take ours / take upstream / merge; dropped_lines=1
src/agents/embedded-agent-runner/context-engine-maintenance.ts	MIXED-CLOBBER	no-prcreate-base	keep-ours-flag-for-cohort	fc337f05d6 (no change; flagged for cohort byte-walk)	-	file added by our PR after PRCREATE 0831fb5e80; cannot 3-way merge without base; cohort review per file: take ours / take upstream / merge; dropped_lines=1
src/agents/embedded-agent-runner/compact-reasons.ts	MIXED-CLOBBER	no-prcreate-base	keep-ours-flag-for-cohort	fc337f05d6 (no change; flagged for cohort byte-walk)	-	file added by our PR after PRCREATE 0831fb5e80; cannot 3-way merge without base; cohort review per file: take ours / take upstream / merge; dropped_lines=1
scripts/protocol-gen.ts	MIXED-CLOBBER	cohort-byte-walk-needed	keep-ours-flag-for-cohort	fc337f05d6 (no change; flagged for cohort byte-walk)	-	3-way merge produced 1 textual conflicts; needs per-hunk human review; dropped_lines=1
scripts/lib/plugin-sdk-doc-metadata.ts	MIXED-CLOBBER	cohort-byte-walk-needed	keep-ours-flag-for-cohort	fc337f05d6 (no change; flagged for cohort byte-walk)	-	3-way merge produced 2 textual conflicts; needs per-hunk human review; dropped_lines=1
packages/memory-host-sdk/src/host/session-files.ts	MIXED-CLOBBER	merge-clean	3-way-merge-auto	upstream/main+fc337f05d6 vs base=0831fb5e80	-	auto-merge clean; dropped_lines=1
extensions/qa-matrix/src/runners/contract/scenario-catalog.ts	MIXED-CLOBBER	cohort-byte-walk-needed	keep-ours-flag-for-cohort	fc337f05d6 (no change; flagged for cohort byte-walk)	-	3-way merge produced 1 textual conflicts; needs per-hunk human review; dropped_lines=1
AGENTS.md	MIXED-CLOBBER	cohort-byte-walk-needed	keep-ours-flag-for-cohort	fc337f05d6 (no change; flagged for cohort byte-walk)	-	3-way merge produced 1 textual conflicts; needs per-hunk human review; dropped_lines=1
