table,corrupt,recovered,cleaned,prior_repaired_20260815T090547Z,cleaned_minus_corrupt,cleaned_minus_prior
acp_replay_events,0,0,0,0,0,0
acp_replay_sessions,0,0,0,0,0,0
acp_sessions,0,0,0,0,0,0
agent_database_leases,136,136,136,119,0,17
agent_databases,17,17,17,17,0,0
agent_deletion_journal,0,0,0,0,0,0
agent_model_catalogs,2,2,2,2,0,0
android_notification_recent_packages,0,0,0,0,0,0
apns_registration_tombstones,0,0,0,0,0,0
apns_registrations,0,0,0,0,0,0
audit_events,76547,76547,76547,77190,0,-643
audit_identity_keys,0,0,0,0,0,0
auth_profile_state,0,0,0,0,0,0
auth_profile_stores,0,0,0,0,0,0
backup_runs,0,0,0,0,0,0
capture_blobs,0,0,0,0,0,0
capture_events,0,0,0,0,0,0
capture_sessions,0,0,0,0,0,0
channel_ingress_events,5177,5177,5177,5174,0,3
channel_pairing_allow_entries,0,0,0,0,0,0
channel_pairing_requests,1,1,1,1,0,0
claw_cron_refs,0,0,0,0,0,0
claw_installs,0,0,0,0,0,0
claw_mcp_server_refs,0,0,0,0,0,0
claw_package_refs,0,0,0,0,0,0
claw_workspace_files,0,0,0,0,0,0
clawhub_promotion_claims,0,0,0,0,0,0
clawhub_promotions_feed_state,1,1,1,1,0,0
command_log_entries,0,0,0,0,0,0
commitments,,,,0,,
config_health_entries,4,4,4,4,0,0
config_machine_state,1,1,1,1,0,0
cron_job_scratch,0,0,0,0,0,0
cron_jobs,3,3,3,3,0,0
cron_run_receipts,2,2,2,,0,
cron_store_epochs,0,0,0,,0,
current_conversation_bindings,0,0,0,0,0,0
delegate_artifact_audit,0,0,0,0,0,0
delegate_artifact_bindings,0,0,0,0,0,0
delegate_artifact_claims,0,0,0,0,0,0
delegate_artifact_policies,0,0,0,0,0,0
delegate_artifact_recipient_outcomes,0,0,0,0,0,0
delivery_queue_entries,106,106,106,115,0,-9
device_auth_tokens,1,1,1,1,0,0
device_bootstrap_tokens,0,0,0,0,0,0
device_identities,1,1,1,1,0,0
device_pairing_join_codes,0,0,0,,0,
device_pairing_paired,1,1,1,1,0,0
device_pairing_pending,0,0,0,0,0,0
diagnostic_events,272,272,272,271,0,1
diagnostic_stability_bundles,0,0,0,0,0,0
exec_approvals_config,1,1,1,1,0,0
fleet_cells,0,0,0,0,0,0
flow_runs,267,267,267,267,0,0
gateway_boot_lifecycle,2,2,2,9,0,-7
gateway_origin_device_tokens,0,0,0,,0,
gateway_restart_handoff,1,1,1,1,0,0
gateway_restart_intent,0,0,0,0,0,0
gateway_restart_sentinel,0,0,0,0,0,0
installed_plugin_index,1,1,1,1,0,0
lost_and_found,,33,,,,
macos_port_guardian_records,0,0,0,0,0,0
managed_outgoing_image_records,0,0,0,0,0,0
mcp_oauth_stores,0,0,0,0,0,0
media_blobs,0,0,0,0,0,0
meeting_transcript_sessions,0,0,0,0,0,0
meeting_transcript_summaries,0,0,0,0,0,0
meeting_transcript_utterances,0,0,0,0,0,0
migration_runs,8,8,8,8,0,0
migration_sources,7,7,7,7,0,0
model_capability_cache,0,0,0,0,0,0
model_catalog_remote,1,1,1,1,0,0
native_hook_relay_bridges,1,1,1,0,0,1
node_host_config,0,0,0,0,0,0
official_external_plugin_catalog_snapshots,1,1,1,1,0,0
onboarding_recommendations,0,0,0,0,0,0
operator_approvals,0,0,0,0,0,0
outbound_media_provenance,0,0,0,0,0,0
plugin_binding_approvals,0,0,0,0,0,0
plugin_blob_entries,0,0,0,0,0,0
plugin_state_entries,6043,6043,6043,6005,0,38
projects,0,0,0,,0,
sandbox_registry_entries,2,2,2,2,0,0
schema_meta,3,3,3,3,0,0
secret_store_entries,0,0,0,,0,
session_groups,0,0,0,0,0,0
session_state_events,144,144,144,147,0,-3
session_state_heads,91,91,91,91,0,0
session_upstream_links,0,0,0,0,0,0
session_watch_cursors,74,74,74,74,0,0
sidebar_sections,0,0,0,0,0,0
skill_curator_state,1,1,1,1,0,0
skill_lifecycle,0,0,0,6,0,-6
skill_upload_chunks,0,0,0,0,0,0
skill_uploads,0,0,0,0,0,0
skill_usage,5,5,5,5,0,0
skill_workshop_proposal_events,117,117,117,117,0,0
skill_workshop_proposal_origin_runs,39,39,39,39,0,0
skill_workshop_proposal_rollbacks,39,39,39,39,0,0
skill_workshop_proposals,40,40,40,40,0,0
state_leases,0,0,0,0,0,0
subagent_runs,50,50,50,54,0,-4
task_delivery_state,76,76,76,81,0,-5
task_runs,1656,1656,1656,1657,0,-1
tui_last_sessions,0,0,0,0,0,0
update_check_state,1,1,1,1,0,0
user_preferences,0,0,0,,0,
user_profile_emails,0,0,0,0,0,0
user_profile_identities,0,0,0,0,0,0
user_profiles,0,0,0,0,0,0
voicewake_routing_config,0,0,0,0,0,0
voicewake_routing_routes,0,0,0,0,0,0
voicewake_triggers,0,0,0,0,0,0
web_push_subscriptions,0,0,0,0,0,0
web_push_vapid_keys,0,0,0,0,0,0
worker_environment_credentials,0,0,0,0,0,0
worker_environment_ssh_fallback_ports,0,0,0,0,0,0
worker_environments,0,0,0,0,0,0
worker_inference_turns,0,0,0,0,0,0
worker_session_placements,2,2,2,0,0,2
worker_session_tool_operations,0,0,0,0,0,0
worker_transcript_commit_heads,0,0,0,0,0,0
worker_transcript_commits,0,0,0,0,0,0
worker_turn_tool_authorities,0,0,0,0,0,0
worker_workspace_pending_results,0,0,0,0,0,0
worker_workspace_reconciliations,0,0,0,0,0,0
workspace_attestations,3,3,3,3,0,0
workspace_generated_bootstrap_hashes,8,8,8,8,0,0
workspace_path_aliases,2,2,2,2,0,0
workspace_setup_state,2,2,2,2,0,0
worktree_provisioned_file_chunks,0,0,0,0,0,0
worktrees,0,0,0,0,0,0
