file	in_PRhead	vs_altpath_5d12	vs_pathd_bd32	vs_upstream_4291	new_since_anc	evidence_cmd
docs/design/continue-work-signal-v2.md	PRESENT	IDENT	IDENT	SAFE-NEW	NEW	git rev-parse --verify <ref>:docs/design/continue-work-signal-v2.md
extensions/diagnostics-otel/src/continuation-tracer-adapter.test.ts	PRESENT	IDENT	IDENT	SAFE-NEW	NEW	git rev-parse --verify <ref>:extensions/diagnostics-otel/src/continuation-tracer-adapter.test.ts
extensions/diagnostics-otel/src/continuation-tracer-adapter.ts	PRESENT	IDENT	IDENT	SAFE-NEW	NEW	git rev-parse --verify <ref>:extensions/diagnostics-otel/src/continuation-tracer-adapter.ts
src/agents/agent-hooks/compaction-safeguard.ts	PRESENT	DIFF	DIFF	DIVERGENT	MODIFIED-from-anc	git rev-parse --verify <ref>:src/agents/agent-hooks/compaction-safeguard.ts
src/agents/compaction-attribution.test.ts	PRESENT	IDENT	IDENT	SAFE-NEW	NEW	git rev-parse --verify <ref>:src/agents/compaction-attribution.test.ts
src/agents/compaction-attribution.ts	PRESENT	IDENT	IDENT	SAFE-NEW	NEW	git rev-parse --verify <ref>:src/agents/compaction-attribution.ts
src/agents/embedded-agent-runner/compact.hooks.harness.ts	PRESENT	DIFF	DIFF	DIVERGENT	MODIFIED-from-anc	git rev-parse --verify <ref>:src/agents/embedded-agent-runner/compact.hooks.harness.ts
src/agents/embedded-agent-runner/compaction-runtime-context.test.ts	PRESENT	DIFF	DIFF	DIVERGENT	MODIFIED-from-anc	git rev-parse --verify <ref>:src/agents/embedded-agent-runner/compaction-runtime-context.test.ts
src/agents/embedded-agent-runner/compact.queued.ts	PRESENT	DIFF	DIFF	DIVERGENT	MODIFIED-from-anc	git rev-parse --verify <ref>:src/agents/embedded-agent-runner/compact.queued.ts
src/agents/embedded-agent-runner/compact-reasons.test.ts	PRESENT	IDENT	IDENT	DIVERGENT	MODIFIED-from-anc	git rev-parse --verify <ref>:src/agents/embedded-agent-runner/compact-reasons.test.ts
src/agents/embedded-agent-runner/compact-reasons.ts	PRESENT	IDENT	IDENT	DIVERGENT	MODIFIED-from-anc	git rev-parse --verify <ref>:src/agents/embedded-agent-runner/compact-reasons.ts
src/agents/embedded-agent-runner/compact.ts	PRESENT	DIFF	DIFF	DIVERGENT	MODIFIED-from-anc	git rev-parse --verify <ref>:src/agents/embedded-agent-runner/compact.ts
src/agents/embedded-agent-runner/compact.types.ts	PRESENT	DIFF	DIFF	DIVERGENT	MODIFIED-from-anc	git rev-parse --verify <ref>:src/agents/embedded-agent-runner/compact.types.ts
src/agents/embedded-agent-runner/run.overflow-compaction.harness.ts	PRESENT	IDENT	IDENT	DIVERGENT	MODIFIED-from-anc	git rev-parse --verify <ref>:src/agents/embedded-agent-runner/run.overflow-compaction.harness.ts
src/agents/embedded-agent-runner/run.overflow-compaction.loop.test.ts	PRESENT	IDENT	IDENT	DIVERGENT	MODIFIED-from-anc	git rev-parse --verify <ref>:src/agents/embedded-agent-runner/run.overflow-compaction.loop.test.ts
src/agents/embedded-agent-runner/run.timeout-triggered-compaction.test.ts	PRESENT	IDENT	IDENT	DIVERGENT	MODIFIED-from-anc	git rev-parse --verify <ref>:src/agents/embedded-agent-runner/run.timeout-triggered-compaction.test.ts
src/agents/embedded-agent-subscribe.handlers.compaction.runtime.ts	PRESENT	IDENT	IDENT	DIVERGENT	MODIFIED-from-anc	git rev-parse --verify <ref>:src/agents/embedded-agent-subscribe.handlers.compaction.runtime.ts
src/agents/embedded-agent-subscribe.handlers.compaction.test.ts	PRESENT	IDENT	IDENT	DIVERGENT	MODIFIED-from-anc	git rev-parse --verify <ref>:src/agents/embedded-agent-subscribe.handlers.compaction.test.ts
src/agents/embedded-agent-subscribe.handlers.compaction.ts	PRESENT	IDENT	IDENT	DIVERGENT	MODIFIED-from-anc	git rev-parse --verify <ref>:src/agents/embedded-agent-subscribe.handlers.compaction.ts
src/agents/openclaw-tools.continuation-misconfig-warn.test.ts	PRESENT	IDENT	IDENT	SAFE-NEW	NEW	git rev-parse --verify <ref>:src/agents/openclaw-tools.continuation-misconfig-warn.test.ts
src/agents/openclaw-tools.continuation-registration.test.ts	PRESENT	IDENT	IDENT	SAFE-NEW	NEW	git rev-parse --verify <ref>:src/agents/openclaw-tools.continuation-registration.test.ts
src/agents/subagent-announce.continuation-drain.test.ts	PRESENT	IDENT	IDENT	SAFE-NEW	NEW	git rev-parse --verify <ref>:src/agents/subagent-announce.continuation-drain.test.ts
src/agents/subagent-announce.continuation.runtime.test.ts	PRESENT	IDENT	IDENT	SAFE-NEW	NEW	git rev-parse --verify <ref>:src/agents/subagent-announce.continuation.runtime.test.ts
src/agents/subagent-announce.continuation.runtime.ts	PRESENT	IDENT	IDENT	SAFE-NEW	NEW	git rev-parse --verify <ref>:src/agents/subagent-announce.continuation.runtime.ts
src/agents/subagent-announce.continuation.test.ts	PRESENT	IDENT	IDENT	SAFE-NEW	NEW	git rev-parse --verify <ref>:src/agents/subagent-announce.continuation.test.ts
src/agents/subagent-traceparent-handoff.ts	PRESENT	IDENT	IDENT	SAFE-NEW	NEW	git rev-parse --verify <ref>:src/agents/subagent-traceparent-handoff.ts
src/agents/system-prompt.continuation.test.ts	PRESENT	IDENT	IDENT	SAFE-NEW	NEW	git rev-parse --verify <ref>:src/agents/system-prompt.continuation.test.ts
src/agents/tools/continuation-tools-registration.test.ts	PRESENT	IDENT	IDENT	SAFE-NEW	NEW	git rev-parse --verify <ref>:src/agents/tools/continuation-tools-registration.test.ts
src/agents/tools/continue-delegate-tool.crosssession-gate.test.ts	PRESENT	IDENT	IDENT	SAFE-NEW	NEW	git rev-parse --verify <ref>:src/agents/tools/continue-delegate-tool.crosssession-gate.test.ts
src/agents/tools/continue-delegate-tool.test.ts	PRESENT	IDENT	IDENT	SAFE-NEW	NEW	git rev-parse --verify <ref>:src/agents/tools/continue-delegate-tool.test.ts
src/agents/tools/continue-delegate-tool.ts	PRESENT	IDENT	IDENT	SAFE-NEW	NEW	git rev-parse --verify <ref>:src/agents/tools/continue-delegate-tool.ts
src/agents/tools/continue-work-tool.boundary.test.ts	PRESENT	IDENT	IDENT	SAFE-NEW	NEW	git rev-parse --verify <ref>:src/agents/tools/continue-work-tool.boundary.test.ts
src/agents/tools/continue-work-tool.test.ts	PRESENT	IDENT	IDENT	SAFE-NEW	NEW	git rev-parse --verify <ref>:src/agents/tools/continue-work-tool.test.ts
src/agents/tools/continue-work-tool.ts	PRESENT	IDENT	IDENT	SAFE-NEW	NEW	git rev-parse --verify <ref>:src/agents/tools/continue-work-tool.ts
src/agents/tools/request-compaction-tool.callsite-threading.test.ts	PRESENT	IDENT	IDENT	SAFE-NEW	NEW	git rev-parse --verify <ref>:src/agents/tools/request-compaction-tool.callsite-threading.test.ts
src/agents/tools/request-compaction-tool.classifier-emission.test.ts	PRESENT	IDENT	IDENT	SAFE-NEW	NEW	git rev-parse --verify <ref>:src/agents/tools/request-compaction-tool.classifier-emission.test.ts
src/agents/tools/request-compaction-tool.test.ts	PRESENT	IDENT	IDENT	SAFE-NEW	NEW	git rev-parse --verify <ref>:src/agents/tools/request-compaction-tool.test.ts
src/agents/tools/request-compaction-tool.ts	PRESENT	IDENT	IDENT	SAFE-NEW	NEW	git rev-parse --verify <ref>:src/agents/tools/request-compaction-tool.ts
src/agents/tools/request-compaction-tool.volitional-threading.test.ts	PRESENT	IDENT	IDENT	SAFE-NEW	NEW	git rev-parse --verify <ref>:src/agents/tools/request-compaction-tool.volitional-threading.test.ts
src/auto-reply/continuation/config.test.ts	PRESENT	IDENT	IDENT	SAFE-NEW	NEW	git rev-parse --verify <ref>:src/auto-reply/continuation/config.test.ts
src/auto-reply/continuation/config.ts	PRESENT	IDENT	IDENT	SAFE-NEW	NEW	git rev-parse --verify <ref>:src/auto-reply/continuation/config.ts
src/auto-reply/continuation/context-pressure.test.ts	PRESENT	IDENT	IDENT	SAFE-NEW	NEW	git rev-parse --verify <ref>:src/auto-reply/continuation/context-pressure.test.ts
src/auto-reply/continuation/context-pressure.ts	PRESENT	IDENT	IDENT	SAFE-NEW	NEW	git rev-parse --verify <ref>:src/auto-reply/continuation/context-pressure.ts
src/auto-reply/continuation/cross-session-targeting.nonexistent-target.test.ts	PRESENT	IDENT	IDENT	SAFE-NEW	NEW	git rev-parse --verify <ref>:src/auto-reply/continuation/cross-session-targeting.nonexistent-target.test.ts
src/auto-reply/continuation/cross-session-targeting.test.ts	PRESENT	IDENT	IDENT	SAFE-NEW	NEW	git rev-parse --verify <ref>:src/auto-reply/continuation/cross-session-targeting.test.ts
src/auto-reply/continuation/delegate-dispatch.chain-depth-exhaustion.test.ts	PRESENT	IDENT	IDENT	SAFE-NEW	NEW	git rev-parse --verify <ref>:src/auto-reply/continuation/delegate-dispatch.chain-depth-exhaustion.test.ts
src/auto-reply/continuation/delegate-dispatch.cost-cap-exhaustion.test.ts	PRESENT	IDENT	IDENT	SAFE-NEW	NEW	git rev-parse --verify <ref>:src/auto-reply/continuation/delegate-dispatch.cost-cap-exhaustion.test.ts
src/auto-reply/continuation/delegate-dispatch.fanout-error-isolation.test.ts	PRESENT	IDENT	IDENT	SAFE-NEW	NEW	git rev-parse --verify <ref>:src/auto-reply/continuation/delegate-dispatch.fanout-error-isolation.test.ts
src/auto-reply/continuation/delegate-dispatch-post-compaction.test.ts	PRESENT	IDENT	IDENT	SAFE-NEW	NEW	git rev-parse --verify <ref>:src/auto-reply/continuation/delegate-dispatch-post-compaction.test.ts
src/auto-reply/continuation/delegate-dispatch.test.ts	PRESENT	IDENT	IDENT	SAFE-NEW	NEW	git rev-parse --verify <ref>:src/auto-reply/continuation/delegate-dispatch.test.ts
src/auto-reply/continuation/delegate-dispatch.ts	PRESENT	IDENT	IDENT	SAFE-NEW	NEW	git rev-parse --verify <ref>:src/auto-reply/continuation/delegate-dispatch.ts
src/auto-reply/continuation/delegate-mid-run-compaction-survival.test.ts	PRESENT	IDENT	IDENT	SAFE-NEW	NEW	git rev-parse --verify <ref>:src/auto-reply/continuation/delegate-mid-run-compaction-survival.test.ts
src/auto-reply/continuation-delegate-store.ordering.test.ts	PRESENT	IDENT	IDENT	SAFE-NEW	NEW	git rev-parse --verify <ref>:src/auto-reply/continuation-delegate-store.ordering.test.ts
src/auto-reply/continuation-delegate-store.post-compaction-substrate.test.ts	PRESENT	IDENT	IDENT	SAFE-NEW	NEW	git rev-parse --verify <ref>:src/auto-reply/continuation-delegate-store.post-compaction-substrate.test.ts
src/auto-reply/continuation-delegate-store.test.ts	PRESENT	IDENT	IDENT	SAFE-NEW	NEW	git rev-parse --verify <ref>:src/auto-reply/continuation-delegate-store.test.ts
src/auto-reply/continuation/delegate-store.test.ts	PRESENT	IDENT	IDENT	SAFE-NEW	NEW	git rev-parse --verify <ref>:src/auto-reply/continuation/delegate-store.test.ts
src/auto-reply/continuation-delegate-store.ts	PRESENT	IDENT	IDENT	SAFE-NEW	NEW	git rev-parse --verify <ref>:src/auto-reply/continuation-delegate-store.ts
src/auto-reply/continuation/delegate-store.ts	PRESENT	IDENT	IDENT	SAFE-NEW	NEW	git rev-parse --verify <ref>:src/auto-reply/continuation/delegate-store.ts
src/auto-reply/continuation/lazy.runtime.ts	PRESENT	IDENT	IDENT	SAFE-NEW	NEW	git rev-parse --verify <ref>:src/auto-reply/continuation/lazy.runtime.ts
src/auto-reply/continuation/nonexistent-target-session-delivery.race.test.ts	PRESENT	IDENT	IDENT	SAFE-NEW	NEW	git rev-parse --verify <ref>:src/auto-reply/continuation/nonexistent-target-session-delivery.race.test.ts
src/auto-reply/continuation/post-compaction-release.test.ts	PRESENT	IDENT	IDENT	SAFE-NEW	NEW	git rev-parse --verify <ref>:src/auto-reply/continuation/post-compaction-release.test.ts
src/auto-reply/continuation/post-compaction-release.ts	PRESENT	IDENT	IDENT	SAFE-NEW	NEW	git rev-parse --verify <ref>:src/auto-reply/continuation/post-compaction-release.ts
src/auto-reply/continuation/scheduler.onfire-throws.test.ts	PRESENT	IDENT	IDENT	SAFE-NEW	NEW	git rev-parse --verify <ref>:src/auto-reply/continuation/scheduler.onfire-throws.test.ts
src/auto-reply/continuation/scheduler.test.ts	PRESENT	IDENT	IDENT	SAFE-NEW	NEW	git rev-parse --verify <ref>:src/auto-reply/continuation/scheduler.test.ts
src/auto-reply/continuation/scheduler.ts	PRESENT	IDENT	IDENT	SAFE-NEW	NEW	git rev-parse --verify <ref>:src/auto-reply/continuation/scheduler.ts
src/auto-reply/continuation/signal.test.ts	PRESENT	IDENT	IDENT	SAFE-NEW	NEW	git rev-parse --verify <ref>:src/auto-reply/continuation/signal.test.ts
src/auto-reply/continuation/signal.ts	PRESENT	IDENT	IDENT	SAFE-NEW	NEW	git rev-parse --verify <ref>:src/auto-reply/continuation/signal.ts
src/auto-reply/continuation/state.test.ts	PRESENT	IDENT	IDENT	SAFE-NEW	NEW	git rev-parse --verify <ref>:src/auto-reply/continuation/state.test.ts
src/auto-reply/continuation/state.ts	PRESENT	IDENT	IDENT	SAFE-NEW	NEW	git rev-parse --verify <ref>:src/auto-reply/continuation/state.ts
src/auto-reply/continuation/targeting-pure.ts	PRESENT	IDENT	IDENT	SAFE-NEW	NEW	git rev-parse --verify <ref>:src/auto-reply/continuation/targeting-pure.ts
src/auto-reply/continuation/targeting.ts	PRESENT	IDENT	IDENT	SAFE-NEW	NEW	git rev-parse --verify <ref>:src/auto-reply/continuation/targeting.ts
src/auto-reply/continuation/trace-context-propagation.integration.test.ts	PRESENT	IDENT	IDENT	SAFE-NEW	NEW	git rev-parse --verify <ref>:src/auto-reply/continuation/trace-context-propagation.integration.test.ts
src/auto-reply/continuation/types.mode-shape.test.ts	PRESENT	IDENT	IDENT	SAFE-NEW	NEW	git rev-parse --verify <ref>:src/auto-reply/continuation/types.mode-shape.test.ts
src/auto-reply/continuation/types.ts	PRESENT	IDENT	IDENT	SAFE-NEW	NEW	git rev-parse --verify <ref>:src/auto-reply/continuation/types.ts
src/auto-reply/continuation/volatile-map-allowlist.test.ts	PRESENT	IDENT	IDENT	SAFE-NEW	NEW	git rev-parse --verify <ref>:src/auto-reply/continuation/volatile-map-allowlist.test.ts
src/auto-reply/reply/agent-runner.continuation-delegate-fire-span.test.ts	PRESENT	IDENT	IDENT	SAFE-NEW	NEW	git rev-parse --verify <ref>:src/auto-reply/reply/agent-runner.continuation-delegate-fire-span.test.ts
src/auto-reply/reply/agent-runner.continuation-span-uniformity.test.ts	PRESENT	IDENT	IDENT	SAFE-NEW	NEW	git rev-parse --verify <ref>:src/auto-reply/reply/agent-runner.continuation-span-uniformity.test.ts
src/auto-reply/reply/agent-runner.continuation-work-span.test.ts	PRESENT	IDENT	IDENT	SAFE-NEW	NEW	git rev-parse --verify <ref>:src/auto-reply/reply/agent-runner.continuation-work-span.test.ts
src/auto-reply/reply/agent-runner-execution.release-queued-compaction.test.ts	PRESENT	IDENT	IDENT	SAFE-NEW	NEW	git rev-parse --verify <ref>:src/auto-reply/reply/agent-runner-execution.release-queued-compaction.test.ts
src/auto-reply/reply/post-compaction-context-failure.test.ts	PRESENT	IDENT	IDENT	SAFE-NEW	NEW	git rev-parse --verify <ref>:src/auto-reply/reply/post-compaction-context-failure.test.ts
src/auto-reply/reply/post-compaction-delegate-dispatch.test.ts	PRESENT	IDENT	IDENT	SAFE-NEW	NEW	git rev-parse --verify <ref>:src/auto-reply/reply/post-compaction-delegate-dispatch.test.ts
src/auto-reply/reply/post-compaction-delegate-dispatch.ts	PRESENT	IDENT	IDENT	SAFE-NEW	NEW	git rev-parse --verify <ref>:src/auto-reply/reply/post-compaction-delegate-dispatch.ts
src/auto-reply/reply/session-updates.compaction.test.ts	PRESENT	IDENT	IDENT	SAFE-NEW	NEW	git rev-parse --verify <ref>:src/auto-reply/reply/session-updates.compaction.test.ts
src/auto-reply/tokens.continuation.test.ts	PRESENT	IDENT	IDENT	SAFE-NEW	NEW	git rev-parse --verify <ref>:src/auto-reply/tokens.continuation.test.ts
src/commands/status.continuation-banner.test.ts	PRESENT	IDENT	IDENT	SAFE-NEW	NEW	git rev-parse --verify <ref>:src/commands/status.continuation-banner.test.ts
src/config/sessions/store.continuation-merge.test.ts	PRESENT	IDENT	IDENT	SAFE-NEW	NEW	git rev-parse --verify <ref>:src/config/sessions/store.continuation-merge.test.ts
src/config/zod-schema.continuation.test.ts	PRESENT	IDENT	IDENT	SAFE-NEW	NEW	git rev-parse --verify <ref>:src/config/zod-schema.continuation.test.ts
src/gateway/session-compaction-checkpoints.ts	PRESENT	IDENT	IDENT	DIVERGENT	MODIFIED-from-anc	git rev-parse --verify <ref>:src/gateway/session-compaction-checkpoints.ts
src/infra/continuation-tracer.test.ts	PRESENT	IDENT	IDENT	SAFE-NEW	NEW	git rev-parse --verify <ref>:src/infra/continuation-tracer.test.ts
src/infra/continuation-tracer.ts	PRESENT	IDENT	IDENT	SAFE-NEW	NEW	git rev-parse --verify <ref>:src/infra/continuation-tracer.ts
src/infra/heartbeat-runner.delegate-return.test.ts	PRESENT	IDENT	IDENT	SAFE-NEW	NEW	git rev-parse --verify <ref>:src/infra/heartbeat-runner.delegate-return.test.ts
src/logging/diagnostic-continuation-queues.ts	PRESENT	IDENT	IDENT	SAFE-NEW	NEW	git rev-parse --verify <ref>:src/logging/diagnostic-continuation-queues.ts
src/plugins/wired-hooks-compaction.test.ts	PRESENT	IDENT	IDENT	DIVERGENT	MODIFIED-from-anc	git rev-parse --verify <ref>:src/plugins/wired-hooks-compaction.test.ts
