artifact_id	name	size_bytes	sha256	expired
10156296779	openclaw-local-ci-aggregate-0b85aeb4685d	12817003	e3879d4d7e5289c0122c73ef3f346814e3949ac936e5dd47c5e5ae12c76286ef	false
10152743892	openclaw-local-ci-batch-hosted-batch-001-0b85aeb4685d	74366	3a87352724ea917cf9c225b4932bf5acb88e384961e4bdba4c03e781700b1b35	false
10152810631	openclaw-local-ci-batch-hosted-batch-002-0b85aeb4685d	81247	5aa354d6144eb74697c2be8cebf77dde32b20ea7269e0c6b1cac9cdefa02144d	false
10152914630	openclaw-local-ci-batch-hosted-batch-003-0b85aeb4685d	133681	e872a90789434c96d1de1fbcf11bb2faf6df11bfa67dd3c6796efd2fbbc9b3e7	false
10153226401	openclaw-local-ci-batch-hosted-batch-004-0b85aeb4685d	290923	968e0ddb03be148f80b2b0d069a00a11c23e1e199ce05dd769dd964fba5da533	false
10152734620	openclaw-local-ci-batch-hosted-batch-005-0b85aeb4685d	95664	04e43b5e9041f0075466004cb28145bb01982014f3cb2c09eab07ee689cffee3	false
10153802939	openclaw-local-ci-batch-hosted-batch-006-0b85aeb4685d	317716	5af3e485f68988d673e4150c8518b0ba31a00d3874b34f35daadefccac0992ff	false
10152754076	openclaw-local-ci-batch-hosted-batch-007-0b85aeb4685d	144811	b2754181801ec77d190061529171ccc4e2b227364927f012c7f672306a877b27	false
10153021828	openclaw-local-ci-batch-hosted-batch-008-0b85aeb4685d	439226	14c83d8c393b9d301555bd353d5748a521c98149f4e76aaff395808891418480	false
10152848648	openclaw-local-ci-batch-hosted-batch-009-0b85aeb4685d	391985	0c3de0c6e492c4426aec487d4086bc4d68e93df94ccb8bd341016cccc0b5acca	false
10152904445	openclaw-local-ci-batch-hosted-batch-010-0b85aeb4685d	174625	e6fa98dcb70533f4ca2bdaac40a811e16ebe8c304413f5567055018f2baf86d2	false
10156243367	openclaw-local-ci-batch-hosted-batch-011-0b85aeb4685d	1014099	ebee670a8cdc8da6996ea675938b1ba4b453e776a8bdffe1715e3e86019e78d8	false
10152887721	openclaw-local-ci-batch-hosted-batch-012-0b85aeb4685d	52017	4bc9609b141b3f7a74b64b9d0d7c8b1dd1ee38b48f5c76afb378dd8f714ea00f	false
10152812307	openclaw-local-ci-batch-hosted-batch-013-0b85aeb4685d	107803	7abf3f18bf0f5bd8e8da2288621bdbd2a16cd92494dc0ac0a796c8ab37113c22	false
10153065077	openclaw-local-ci-batch-hosted-batch-014-0b85aeb4685d	288093	5018a864e62ad8f6b6d1175cf50172bbd5cb614c1331e4c379bdacefe1eb450a	false
10153171063	openclaw-local-ci-batch-hosted-batch-015-0b85aeb4685d	283671	60318305113a455112e2e3d3c7b4da78644bdfd7d7aa7f9f86fdc9232f2699a2	false
10153063166	openclaw-local-ci-batch-hosted-batch-016-0b85aeb4685d	202744	c37480b9bef5005f7d26723fd5681a2e36038f9b96c696041177df75af06170d	false
10152731573	openclaw-local-ci-batch-hosted-batch-017-0b85aeb4685d	63212	f220b21196b5aee631d892434b5f002d6cc3c47bdd5c60259e7d4a1f8fafe9e9	false
10152891878	openclaw-local-ci-batch-hosted-batch-018-0b85aeb4685d	110012	5f4091ab147ff045f9d6365f2983d6a0acfff5c67a5b883333436c1311517316	false
10152743639	openclaw-local-ci-batch-hosted-batch-019-0b85aeb4685d	154710	08e756373610c7bf0af3a018ab54502a96cb87a44c3250113a0660eacdc21268	false
10152760931	openclaw-local-ci-batch-hosted-batch-020-0b85aeb4685d	89136	5b261da7afaecaca7145d2c7783f2a47c32f797c007679f36260cfc2ff2d0734	false
10152701987	openclaw-local-ci-batch-hosted-batch-021-0b85aeb4685d	79941	630fcf99b852ae1c86f3cbebbd8a129eaeabadae3881756ef87d09f82d96381d	false
10152985670	openclaw-local-ci-batch-hosted-batch-022-0b85aeb4685d	329855	5c6176a3289f2b8d575dd2bdb9ad55976dbf3491cf31fe70572c8b506b74217b	false
10152835959	openclaw-local-ci-batch-hosted-batch-023-0b85aeb4685d	362772	789284578ef4f2e71a72dee103c7f5fe8afc1e95049b32e70d2b3153b14cbedb	false
10152843008	openclaw-local-ci-batch-hosted-batch-024-0b85aeb4685d	311185	733802937211154e6c04f100367771dc978a21abb55731c55d36ab9cb9fd6f90	false
10153123324	openclaw-local-ci-batch-hosted-batch-025-0b85aeb4685d	425358	2050d908db1b7985b1bbc4e2845c5cb4b7b60901fe6e341d7e38cd65397f4baa	false
10153080716	openclaw-local-ci-batch-hosted-batch-026-0b85aeb4685d	205688	baa264c8a8af30b83481ed223c27904f9dfc210cd3c18515474bbcc220271a36	false
10153024947	openclaw-local-ci-batch-hosted-batch-027-0b85aeb4685d	188045	710e5db40b3fc271f80055e306f2a1717d2ebc03ce63e64a43ff48e1103ba76d	false
10153034334	openclaw-local-ci-batch-hosted-batch-028-0b85aeb4685d	193994	1cea71ea90414ab3711550fedd0c2726e5a75bf4f6c9644cac12a2e2740a3d64	false
10152888521	openclaw-local-ci-batch-hosted-batch-029-0b85aeb4685d	62916	7d55cbcbe06cc6103b6cff8dc7d19424a8db3611369750cb0655c5e4645f9d39	false
10152686365	openclaw-local-ci-batch-hosted-batch-030-0b85aeb4685d	59058	c777859a884acdfaf4b2e1114516cffaee5c5944f9ed5b32cd39cba585784413	false
10153198020	openclaw-local-ci-batch-hosted-batch-031-0b85aeb4685d	213846	15e191ce535c32b538554b7ecde42e5104d7a8c4866dbc1cc9e5dc72e495eb06	false
10153229031	openclaw-local-ci-batch-hosted-batch-032-0b85aeb4685d	116053	68e472832eaf5b3c78f3219bfadae80bd284ee6561c41e4a3c17bdbbd92a7655	false
10153235304	openclaw-local-ci-batch-hosted-batch-033-0b85aeb4685d	154084	9693014d796a51877fa2469c0b62db2bfb654ff1559e73ad6acb7ea8ea26afd3	false
10152931822	openclaw-local-ci-batch-hosted-batch-034-0b85aeb4685d	381953	a1aa1e3ee30ea6241b3c2f2dba13b3eda42d1f506ef7d242e8cce30912e34539	false
10152864517	openclaw-local-ci-batch-hosted-batch-035-0b85aeb4685d	103675	6ce631550706acdb153483bc7474cbc7d5a7d7927a3767516ea9932ea2e0f179	false
10152723842	openclaw-local-ci-batch-hosted-batch-036-0b85aeb4685d	71108	7ead76462a51de0f1d5630fc8107e2bbbfc64f8ed1ae4764a228d95494508c9c	false
10152801283	openclaw-local-ci-batch-hosted-batch-037-0b85aeb4685d	92918	7bd07d2c299b455b346cb32367d8183c34dd37e57c39fe0de923cb83cb9f9807	false
10152743001	openclaw-local-ci-batch-hosted-batch-038-0b85aeb4685d	90571	4d5f9bbf98731a8908d18c91ab1d5a735f2366bb092de7530da922e107e688a0	false
10152771822	openclaw-local-ci-batch-hosted-batch-040-0b85aeb4685d	193525	7b367ee004e45552cd312f49cb9c6a564258e385305484935005e082890f7dce	false
10152814925	openclaw-local-ci-batch-hosted-batch-041-0b85aeb4685d	209505	63d28b97e61428602cff14fcce8ba2607a8b431eb3851227a5c7bc2d11755df0	false
10152777660	openclaw-local-ci-batch-hosted-batch-042-0b85aeb4685d	34401	597f1293d371e13c306f685f52d302ff3415ece78320ea1c34e3a88d4363facb	false
10152839194	openclaw-local-ci-batch-hosted-batch-043-0b85aeb4685d	101737	b46987b80a4b04c2e97252590491726fdeb6b84a4c0ee231c961dcf927c6acca	false
10152850444	openclaw-local-ci-batch-hosted-batch-044-0b85aeb4685d	95995	6cf25e64b2b448e226c835f8db5124ab6cddfa62f691e7ca373aef6ce45d1979	false
10153050566	openclaw-local-ci-batch-hosted-batch-045-0b85aeb4685d	172532	5375fb60167c07c9f44aef68eeecc719ed3471c18290b54ac1bd6f3e3824ba0e	false
10153161053	openclaw-local-ci-batch-hosted-batch-046-0b85aeb4685d	79632	3db47874ed6b80dd6bc13ec58a126f1c8a746c20e1b931cc664293733e05994b	false
10152831167	openclaw-local-ci-batch-hosted-batch-047-0b85aeb4685d	148835	8c4024c5791509d5a9f96ff17f7acd5df837c0d40506aab2e2f194e785e88225	false
10152707776	openclaw-local-ci-batch-hosted-batch-048-0b85aeb4685d	104138	bed85f76fac35c709a1b09b962cb87124a9722fc68c95738e0f86d730a54af49	false
10153755993	openclaw-local-ci-batch-local-batch-049-0b85aeb4685d	135001	85383dcd48cd7450fa04ffc8abc4fb75c25f70e6e8eb0d10a768de49fb1edfb7	false
10153692324	openclaw-local-ci-batch-local-batch-050-0b85aeb4685d	9543	ee99c4600dbb42930125577d9873eb6a06c96e325b8e5a37b295921307c26ad7	false
10153263580	openclaw-local-ci-batch-local-batch-051-0b85aeb4685d	35116	c40820a4927f290dffa6e369181c65671d05f21f3429f4276f012483534b7bfa	false
10152879018	openclaw-local-ci-batch-local-batch-052-0b85aeb4685d	24557	fbe464c5788cd10aaac9be51d24c1ef74b0ba0d38c49a8c5e06d67793a663a13	false
10154051245	openclaw-local-ci-batch-local-batch-053-0b85aeb4685d	128391	5103ca4caea4482200b6672703ed4d76f9245728a4187aec338783fe3a1624a1	false
10153110703	openclaw-local-ci-batch-local-batch-054-0b85aeb4685d	65480	c8af2dea68048a4a5c8ae557413cef7f5648280d09e1ab1bd6969c2538eacd34	false
10154368935	openclaw-local-ci-batch-local-batch-055-0b85aeb4685d	80351	ed6a8622f11c3de6604212cb0109cebea9b5a2764a550cc4c58060ab1666d516	false
10154641064	openclaw-local-ci-batch-local-batch-056-0b85aeb4685d	81801	f98fa6beebf07e70c208103c6182b2448317df326205da658612b5a0e9980fa0	false
10154498626	openclaw-local-ci-batch-local-batch-057-0b85aeb4685d	128413	43772cc833e1a9a094403e08f695dac6654357e6900287358bc399d17f45fdf2	false
10153576216	openclaw-local-ci-batch-local-batch-058-0b85aeb4685d	125156	3b20d4a911a42ad4d287a31ea6ed8575b07eac31bec4e7ca8585b0ef4c00889e	false
10154403018	openclaw-local-ci-batch-local-batch-059-0b85aeb4685d	353051	c84640c5fd968f7b97db382235e90f2da5b7d29e71547aa537ed43558512a15d	false
10154067089	openclaw-local-ci-batch-local-batch-060-0b85aeb4685d	232816	fdb216f627f77c93c41f9c03057d8a544243b9ccf4ac8631c4b7c6ebab08bc0a	false
10152647298	openclaw-local-ci-batch-local-batch-061-0b85aeb4685d	42466	bd9dbd7cc2b7350d246e76d2ce2406b10877074b464239c9a4bc72edc4f6f683	false
10154131174	openclaw-local-ci-batch-local-batch-062-0b85aeb4685d	113645	fdedceb653cb497f9668e67cfe76dad1fdebf7852dcb703f825206b26d587660	false
10153209588	openclaw-local-ci-batch-local-batch-063-0b85aeb4685d	181724	4ed30405d309b5019302bf98b3fb6d6d19c8979d554ede6e4c4ae76979b5a644	false
10153683891	openclaw-local-ci-batch-local-batch-064-0b85aeb4685d	62529	32ea158b6bb934711589da960e696bcf166e404acc48264c289252b61deadbd8	false
10152844840	openclaw-local-ci-batch-local-batch-065-0b85aeb4685d	15673	7d15eae441319d906759096e973f031eedf721ac1090cdce4215516ef96ec8c1	false
10153845603	openclaw-local-ci-batch-local-batch-066-0b85aeb4685d	15431	ea13ece15025eb64e3ea24fed45eb0cd1d9527b52ae6a337882fd8900b5cd4b6	false
10153016573	openclaw-local-ci-batch-local-batch-067-0b85aeb4685d	34536	ba0b3f671a30a119055011ddab70388845b8d9858da2a4ae34be3c9fb48c972b	false
10152667788	openclaw-local-ci-batch-local-batch-068-0b85aeb4685d	17035	5f825146dd0f677e2ff95c40ea01bc58526333f10356032b6e36cfde63e585b2	false
10152620806	openclaw-local-ci-batch-local-batch-069-0b85aeb4685d	26977	95ab30c2e64fdd5a7ffbe19955d6e176be4702566ec4f0b9b2c8e97a2dfa14c6	false
10152481309	openclaw-local-ci-batch-local-batch-070-0b85aeb4685d	69703	b5d244a65bf76b88d9586d065079e214a0f90846453857a6b36cc04dbdd4160c	false
10154705423	openclaw-local-ci-batch-local-batch-071-0b85aeb4685d	555103	b2986f42a88a06e6233c1b376bf2f6eb71a9bcc30f293fc6f1602b2df2c9b984	false
10152646807	openclaw-local-ci-batch-local-batch-072-0b85aeb4685d	288547	859eeeb76d0bbb6da9ed0b517952c4602f26449fc83644ad4eaa187ffd011732	false
10153571683	openclaw-local-ci-batch-local-batch-073-0b85aeb4685d	497805	e5e49875aa210d3654e46e59697669eaa618a75467b6b490a16e8b38662a032b	false
10152371072	openclaw-local-ci-routing-plan-0b85aeb4685d	135948	27db6e3abe98fc71b4e8e595053fe7bd7fe089a8e19c3b1d448a6f94dec1d4f7	false
10152895843	openclaw-local-ci-static-0b85aeb4685d	12915	a5410cd1a3c0937c8a6445289ead026f5600802d79ad634edfa5d999911096d4	false
