repository	commit	path	blob
karmaterminal/openclaw-bootstrap	6dd6c3a7712c8ae02937a29054525b2ddacb89c1	RUNBOOKS/ENTRYPOINT.md	8f6c1dd926a06be117e893e18eeb5be8a2568368
karmaterminal/openclaw-bootstrap	6dd6c3a7712c8ae02937a29054525b2ddacb89c1	RUNBOOKS/PR-DRIFT-CURE-GATES-RUNBOOK.md	e42d5eedbf52cb1d0fa307749b83c8625899c26e
karmaterminal/openclaw-bootstrap	6dd6c3a7712c8ae02937a29054525b2ddacb89c1	RUNBOOKS/PR-PRESENTATION-RUNBOOK.md	5602b721b079d3ea251f5e1692846baca9911c7d
karmaterminal/openclaw-bootstrap	6dd6c3a7712c8ae02937a29054525b2ddacb89c1	RUNBOOKS/PROOF-CORPUS-METHOD.md	a0366079fb0dc6659c21747d6cdfc05e073c1204
karmaterminal/openclaw-bootstrap	6dd6c3a7712c8ae02937a29054525b2ddacb89c1	RUNBOOKS/PRINCE-CODE-AGENT-RUNBOOK.md	ac3a38df91bd7636a8cec839e34b659cf65a6ab5
karmaterminal/openclaw-bootstrap	6dd6c3a7712c8ae02937a29054525b2ddacb89c1	.github/workflows/openclaw-local-ci.yml	a66cf30c9e7a0cc44438feba884129ccc0706a47
karmaterminal/openclaw-bootstrap	6dd6c3a7712c8ae02937a29054525b2ddacb89c1	tools/feature-cores-byte-check.sh	4e86ba83621cec98573c5173d91e426f72e1d321
karmaterminal/openclaw-bootstrap	6dd6c3a7712c8ae02937a29054525b2ddacb89c1	tools/drift-cure-gate.primitive-cores.txt	8e475b7a1a2bf14a0dda4640bd221fff867f4c1b
karmaterminal/openclaw-bootstrap	6dd6c3a7712c8ae02937a29054525b2ddacb89c1	tools/drift-cure-gate.sh	90e4caddbe9f40248510d376bc00558ec75bcdcb
karmaterminal/openclaw-bootstrap	6dd6c3a7712c8ae02937a29054525b2ddacb89c1	tools/DRIFT-CURE-GATE.md	cbe52f1cdbe16f29afcc52a654d6cac8c31968c8
karmaterminal/frond-scribe	49b50571d16704c2ac6017404cecb27ee5bc8b80	skills/pr-drift-cure-gates/SKILL.md	5adbf9ab956adf258ac72b992beda5bd42090692
karmaterminal/frond-scribe	49b50571d16704c2ac6017404cecb27ee5bc8b80	skills/gitnexus-pr-review/SKILL.md	cc6059aebe81a98b5226b7a1c9675a609ceeffab
