vitest.acp-1	6	rc=0	38s	Test Files  6 passed (6)	Tests  28 passed (28)
vitest.agents-core-1	40	rc=0	93s	Test Files  40 passed (40)	Tests  484 passed (484)
vitest.agents-core-2	40	rc=0	200s	Test Files  40 passed (40)	Tests  316 passed (316)
vitest.agents-core-3	9	rc=0	42s	Test Files  9 passed (9)	Tests  118 passed (118)
vitest.agents-core-isolated-1	5	rc=0	31s	Test Files  5 passed (5)	Tests  120 passed (120)
vitest.agents-embedded-agent-1	17	rc=0	66s	Test Files  17 passed (17)	Tests  123 passed (123)
vitest.agents-embedded-agent-run-1	7	rc=0	38s	Test Files  7 passed (7)	Tests  56 passed (56)
vitest.agents-spawn-production-boundary-1	1	rc=0	66s	Test Files  1 passed (1)	Tests  21 passed (21)
vitest.agents-support-1	40	rc=0	141s	Test Files  40 passed (40)	Tests  801 passed (801)
vitest.agents-support-2	40	rc=0	126s	Test Files  35 passed | 1 skipped (36)	Tests  515 passed | 1 skipped (516)
vitest.agents-support-3	40	rc=0	135s	Test Files  40 passed (40)	Tests  729 passed (729)
vitest.agents-support-4	7	rc=0	38s	Test Files  7 passed (7)	Tests  63 passed (63)
vitest.agents-tools-1	13	rc=0	44s	Test Files  12 passed | 1 skipped (13)	Tests  327 passed | 1 skipped (328)
vitest.auto-reply-1	40	rc=0	55s	Test Files  40 passed (40)	Tests  449 passed (449)
vitest.auto-reply-2	15	rc=0	44s	Test Files  15 passed (15)	Tests  148 passed | 1 todo (149)
vitest.channels-1	7	rc=0	18s	Test Files  7 passed (7)	Tests  92 passed (92)
vitest.cli-1	19	rc=0	259s	Test Files  19 passed (19)	Tests  789 passed (789)
vitest.cli-process-1	5	rc=0	138s	Test Files  5 passed (5)	Tests  75 passed (75)
vitest.commands-1	27	rc=0	432s	Test Files  27 passed (27)	Tests  595 passed (595)
vitest.commands-light-1	1	rc=0	11s	Test Files  1 passed (1)	Tests  36 passed (36)
vitest.cron-1	8	rc=0	60s	Test Files  8 passed (8)	Tests  62 passed (62)
vitest.daemon-1	1	rc=0	8s	Test Files  1 passed (1)	Tests  4 passed (4)
vitest.e2e-1	7	rc=0	676s	Test Files  7 passed (7)	Tests  162 passed (162)
vitest.extension-acpx-1	1	rc=0	18s	Test Files  1 passed (1)	Tests  5 passed (5)
vitest.extension-browser-1	1	rc=0	29s	Test Files  1 passed (1)	Tests  39 passed (39)
vitest.extension-codex-1	3	rc=0	43s	Test Files  3 passed (3)	Tests  20 passed (20)
vitest.extension-database-workers-1	13	rc=0	102s	Test Files  13 passed (13)	Tests  195 passed (195)
vitest.extension-discord-1	40	rc=0	71s	Test Files  40 passed (40)	Tests  412 passed (412)
vitest.extension-discord-2	40	rc=0	44s	Test Files  40 passed (40)	Tests  544 passed (544)
vitest.extension-discord-3	24	rc=0	18s	Test Files  24 passed (24)	Tests  246 passed (246)
vitest.extension-misc-1	2	rc=0	34s	Test Files  2 passed (2)	Tests  19 passed (19)
vitest.extension-signal-1	1	rc=0	25s	Test Files  1 passed (1)	Tests  16 passed (16)
vitest.gateway-client-1	1	rc=0	4s	Test Files  1 passed (1)	Tests  1 passed (1)
vitest.gateway-1	40	rc=0	306s	Test Files  40 passed (40)	Tests  590 passed (590)
vitest.gateway-2	30	rc=0	264s	Test Files  30 passed (30)	Tests  552 passed (552)
vitest.gateway-database-workers-1	24	rc=0	322s	Test Files  24 passed (24)	Tests  421 passed (421)
vitest.infra-1	40	rc=0	688s	Test Files  40 passed (40)	Tests  836 passed | 1 skipped (837)
vitest.infra-2	40	rc=0	480s	Test Files  40 passed (40)	Tests  1083 passed (1083)
vitest.infra-3	40	rc=0	270s	Test Files  40 passed (40)	Tests  708 passed (708)
vitest.infra-4	40	rc=1	377s	Test Files  1 failed | 39 passed (40)	Tests  8 failed | 573 passed | 1 skipped (582)
vitest.infra-5	40	rc=1	475s	Test Files  1 failed | 39 passed (40)	Tests  2 failed | 725 passed (727)
vitest.infra-6	40	rc=0	457s	Test Files  40 passed (40)	Tests  839 passed (839)
vitest.infra-7	8	rc=0	125s	Test Files  8 passed (8)	Tests  341 passed (341)
vitest.plugins-1	2	rc=0	15s	Test Files  2 passed (2)	Tests  46 passed (46)
vitest.plugin-sdk-1	5	rc=0	69s	Test Files  5 passed (5)	Tests  67 passed (67)
vitest.process-1	1	rc=0	3s	Test Files  1 passed (1)	Tests  6 passed (6)
vitest.runtime-config-1	20	rc=0	141s	Test Files  20 passed (20)	Tests  219 passed (219)
vitest.tasks-1	5	rc=0	16s	Test Files  5 passed (5)	Tests  59 passed (59)
vitest.tooling-1	6	rc=0	287s	Test Files  6 passed (6)	Tests  210 passed | 2 skipped (212)
vitest.tooling-isolated-1	1	rc=0	15s	Test Files  1 passed (1)	Tests  158 passed (158)
vitest.ui-1	5	rc=0	11s	Test Files  5 passed (5)	Tests  93 passed (93)
vitest.ui-e2e-1	2	rc=0	24s	Test Files  2 passed (2)	Tests  2 passed (2)
vitest.unit-1	40	rc=0	183s	Test Files  37 passed (37)	Tests  436 passed (436)
vitest.unit-2	23	rc=1	36s	Test Files  2 failed | 21 passed (23)	Tests  12 failed | 283 passed (295)
vitest.unit-fast-1	40	rc=1	44s	Test Files  1 failed | 39 passed (40)	Tests  13 failed | 344 passed (357)
vitest.unit-fast-2	30	rc=0	18s	Test Files  30 passed (30)	Tests  218 passed (218)
vitest.unit-fast-fake-timers-1	1	rc=0	10s	Test Files  1 passed (1)	Tests  27 passed (27)
vitest.unit-fast-isolated-1	13	rc=0	53s	Test Files  13 passed (13)	Tests  127 passed (127)
DONE
