2	2	acceptContextEngineTurnIntent
28	28	AcpSessionControlBinding
8	8	AcpSessionEntryExpectation
4	4	AcpSessionEntryMutation
5	5	AcpSessionEntryMutationInput
10	10	AcpSessionEntryMutationResult
3	3	AcpSessionEntryReadInput
9	9	AcpSessionMutationCommit
6	6	AcpSessionMutationDecision
7	7	AcpSessionMutationPreparation
4	4	AcpSessionReadContextInput
7	7	AcpSessionWriteOperations
4	4	acquireDoctorGatewayMaintenanceOwner
24	24	acquireGatewayStateOwner
8	8	acquireStateDatabaseSchemaLease
3	3	admitCodexNativeSubmissionTurn
20	20	AgentGeneratedAttachment
148	178	AgentHarness
6	6	applyAcpSessionMutation
4	4	applyWorkerSessionToolPolicy
13	13	assertAcpSessionMutationEntry
13	13	assertBrowserSessionTabAuthority
8	8	assertCronTimeoutSupported
7	7	assertNoPendingLegacyIdentity
36	36	assertStateDatabaseAccessAllowed
4	4	awaitAgentHarnessAgentEndHook
4	4	bindAcpSessionMeta
14	14	BrowserDashboardAuthority
7	7	BrowserDashboardRegistration
42	42	BrowserSessionTabAuthority
4	4	BrowserSessionTabOperationKey
4	4	BrowserSessionTabSelection
10	10	BrowserStateRuntime
7	7	buildActiveNodeContextText
4	4	buildPresenceSummary
5	5	buildSpawnThreadBinding
5	5	buildSubagentRestartRecoveryRoster
6	6	cancelSqliteWalWriteAdmission
7	7	captureAcpSessionReadContext
3	3	captureMaintenanceConfigAsyncReader
3	3	captureOpenClawDatabaseMaintenanceResource
7	7	capturePresenceToolAuthority
3	3	captureSessionsSendResumeCaller
4	4	changeTabState
39	39	ChannelOutboundContext
683	683	ChannelPlugin
5	5	checkProtocolJson
5	5	closeStoppingTab
19	19	closeTrackedBrowserTabsForSessions
4	4	compareChannelPlugins
5	5	CompletedSqliteWorkerOutcome
6	6	copyMarkdownListItem
7	7	createCronMutationLogger
4	4	createGeolocationLookup
3	3	createGeolocationLookupHandler
3	3	createLeaseHeartbeatCleanup
3	3	createPresenceTool
74	74	createSqliteLifecycleAggregateError
15	20	createTaskRecord
3	3	createWorkerSessionToolRpc
13	13	DashboardTab
12	12	definitionOwnsTab
4	4	deleteBrowserDashboardStopIntent
8	8	deleteBrowserSessionTabIf
4	4	deleteStoppedTab
9	9	digestClawHubSkillTree
3	3	dispatchBrowserSessionTabIfCurrent
9	9	dispatchBrowserTabClose
1	1	dispatchInboundReplyWithBase
2	2	dispatchReplyWithDispatcher
3	3	drainBrowserSessionTabStore
5	5	drainGatewayCron
6	6	emitDashboardChanged
3	3	EncodedModelRequestBody
4	4	encodedModelRequestBodyStream
3	3	enqueueContextEngineTurnIntent
10	10	ensureBrowserSessionTabStoreReady
18	18	ensureOpenClawStatePermissions
3	3	executeAcpSessionMutationInWorker
0	0	+export type {
0	0	+export type { CodeModeNamespaceDescriptor } from "./code-mode-namespaces.js";
0	0	+export type { ResolvedBrowserTabCleanupConfig } from "openclaw/plugin-sdk/browser-config";
3	3	finalizeAcpTurnOutput
14	17	FlowRecordPatch
6	6	formatAuthDoctorHint
34	34	GatewayStateOwnerContentionError
5	5	GeolocationLookup
5	5	GeolocationLookupResult
4	4	getActiveNodeIdentityScope
47	47	getAgentTestMocks
10	10	getBrowserSessionTabStore
4	4	getCurrentActiveNodeContext
4	4	getOpenClawDatabaseMaintenanceResourceScope
9	9	getOptionalBrowserSessionTabStore
4	4	getPendingBrowserDashboardRegistrations
4	4	getStateDatabaseSchemaLease
3	3	groupPresenceUsers
10	10	hasActiveGatewayStateOwner
1	1	holdStateDatabaseWriteTransaction
2	2	inspectOpenClawStateOwnershipAtPath
3	3	inspectSqliteSchemaHeaderInProcess
8	8	isBrowserStateRuntimeCurrent
3	3	isConfirmedAcpManualSpawnTaskOwner
3	3	isManagedStateTransaction
3	3	isOpenClawAgentDatabaseReadOpenFailure
5	5	isProfileDisplayRow
4	4	isSupersededActorError
44	44	loadOrCreateDeviceIdentity
10	10	matchesAcpSessionControlBinding
5	5	matchesSubagentRequesterSession
6	6	MAX_TOOL_APPROVAL_REVIEWS
7	7	measureSessionCollaborationPhase
11	11	modelRequestBodyState
2	2	mutateAcpSessionEntryInWorker
4	4	NativeSubmissionAdmissionDependencies
9	9	NODE_WORKER_CAPACITY_MAX
6	6	normalizeMcpToolDenials
4	4	normalizeNativeOperationCwd
7	7	normalizeSessionToolOverrides
3	3	normalizeToolApprovalReview
22	22	OAuthLoginCallbacks
3	3	observePluginNativeLoads
7	7	OpenClawStateExternalOwnershipError
13	13	OpenClawStateOwnershipError
12	12	OpenClawStateOwnershipMetadataError
3	3	openUnpublishedStateDatabase
5	5	parseCronTimezoneOption
5	5	parseOffsetlessIsoDateTimeInTimeZone
8	8	parseSessionEntries
3	3	parseWorkerSlotSummary
3	3	persistBrowserDashboardStopIntent
5	5	PersistedSessionRunStatus
14	14	PluginCommandNativeCandidate
10	10	prepareActiveNodeContext
9	9	PreparedNativeReceiver
12	12	prepareModelRequestBody
7	7	prepareOpenClawStateDatabaseRemoval
3	3	preparePhysicalSessionStorePath
7	7	prepareProviderPrompt
3	3	prepareSqliteWorkerActorContext
8	8	prepareSshSandboxExec
3	3	prependCliSessionDriftUserContext
8	8	PresenceDevice
4	4	PresenceDeviceSchema
2	2	presenceHandlers
8	8	PresenceLocation
5	5	PresenceLocationSchema
5	5	PresencePerson
3	3	PresencePersonSchema
6	6	PresenceQueryParams
12	12	PresenceQueryParamsSchema
8	8	PresenceQueryResult
7	7	PresenceQueryResultSchema
7	7	PRESENCE_QUERY_TIMEOUT_MS
5	5	PRESENCE_TOOL_DESCRIPTION
2	2	PresenceUserGroup
90	90	ProviderConfig
5	5	ProviderConfigBase
7	7	ProviderConfigInput
8	8	ProviderModelConfig
7	7	ProviderPromptTask
4	4	publishTaskRegistryAfterCommit
40	40	readAcpSessionEntryAsync
22	22	readAcpSessionMetaAsync
4	4	readBrowserDashboardStopIntent
5	5	readBrowserDashboardStopIntents
12	12	readBrowserDashboardTabs
8	8	readCurrentBrowserState
4	4	readDurableTabs
4	4	readLegacyAcpMigrationContextInDatabase
4	4	readSharedBatchState
3	3	reconcileTelegramAcpBindingsOnStartup
4	4	recordOpenClawAgentDatabaseReadOpenFailure
4	4	refreshProviderAuthAfterLogin
3	3	registerGeolocationGatewayMethods
1	1	registerTaskRegistryLookupTests
1	1	registerTaskRegistrySummaryTests
1	1	registerWorkerGatewayToolAvailabilityTests
1	1	registerWorkerGatewayToolRpcTests
6	6	releaseTab
3	3	requestBodyHasStreamTrue
3	3	RequesterSettleWakeBatchCallbacks
13	13	RequesterSettleWakeBatchState
3	3	requestSqliteWorkerSchemaMaintenance
5	5	resetSessionAccessorMocks
6	6	resolveAgentHarnessHistoryLimits
7	7	resolveAgentTestConfig
6	6	resolveAgentWorkspaceMemoryRouting
4	4	resolveBackgroundTaskContext
49	49	ResolvedBrowserConfig
3	3	resolveDiscordMentionState
5	5	resolveDoctorUpdateAdmission
5	5	resolveGatewayOwnerStatus
12	12	resolveGatewayStateOwnerPath
12	12	ResolveManagerSessionAsync
7	7	resolvePluginSourceCaptureFallbackPrefix
7	7	resolvePluginSourceCapturesDirectory
15	15	resolvePluginWebFetchProviders
13	13	ResolvePluginWebProvidersParams
20	20	resolvePluginWebSearchProviders
3	3	resolveReloginProfileIdentity
3	3	resolveRuntimeWebFetchProviders
5	5	ResolveRuntimeWebProvidersParams
4	4	resolveRuntimeWebSearchProviders
15	15	resolveSessionKeyForRun
4	4	resolveStatefulBindingTargetBySessionKey
4	4	resolveStoredAcpSession
5	5	runAgentHarnessAgentEndHook
6	6	runAgentHarnessBeforeAgentFinalizeHook
8	8	runAgentHarnessLlmInputHook
12	12	runAgentHarnessLlmOutputHook
7	7	runManagedStateTransaction
4	4	RunSshSandboxCommandParams
6	6	runTaskInFlowForOwner
11	11	runWithSqliteCleanup
4	4	selectActiveNode
3	3	selectActiveNodesByProfile
6	6	selectUserProfileEmails
6	6	serializeModelRequestBody
4	4	SessionEntryReadWorkerOwner
5	5	sessionToolOverridesEqual
3	3	setActiveNodeContexts
11	11	shouldIncludeAgentHarnessRuntimeContext
8	8	SkillInstallSpecMetadata
4	4	skillProposalRollbackValues
3	3	snapshotClientPresence
3	3	snapshotReloginAuthProfiles
16	16	SqliteCoordinatorError
4	4	SshSandboxSettings
15	15	StateDatabaseSchemaLease
7	7	StateSchemaMutationConflictError
5	5	SUBAGENT_RESTART_RECOVERY_INSTRUCTION
9	9	SystemPromptRuntimeInfo
13	13	tabsForDefinition
52	52	throwSqliteLifecycleErrors
3	3	ToolApprovalReview
9	9	touchSessionBrowserTab
14	14	trackSessionBrowserTab
11	11	tryAcquireGatewayStateOwner
9	9	tryBorrowGatewayStateOwner
10	10	untrackSessionBrowserTab
4	4	updateAcpSessionStoreEntry
8	8	updateBrowserSessionTab
5	5	uploadDirectoryToSshTarget
18	18	upsertAcpSessionMeta
6	6	upsertAcpSessionMetaNative
1	1	validatePresenceQueryParams
1	1	validatePresenceQueryResult
3	3	validateWorkerPresenceParams
4	4	withBrowserDashboardRegistration
5	5	withBrowserSessionTabNativeActivity
10	10	withBrowserSessionTabOperation
7	7	withBrowserSessionTabSelection
7	7	withCurrentWebPushAuthority
4	4	withStateDatabaseColdAdmission
19	19	withStateDatabaseSchemaMaintenance
9	9	WorkerPresenceParams
11	11	WorkerPresenceParamsSchema
11	11	WORKER_PRESENCE_PROTOCOL_FEATURE
3	3	WorkerPresenceResponseFrame
6	6	WorkerPresenceResponseFrameSchema
