entry	upstream	ours(7b38)	candidate	cand-up
secrets/egress-proxy/proxy.worker	40554	40554	40554	0
agents/code-mode-node.worker	14260	14260	14260	0
cron/store/read-only.worker	2980	3435	2980	0
state/openclaw-state-read.worker	3250379	3302745	3251930	1551
process/spawn-broker/worker	44073	44073	44073	0
gateway/cron-stream-matcher.worker	550	550	550	0
gateway/control-ui-file.worker	2228	2228	2228	0
agents/harness/native-hook-relay-client.worker	649163	701360	642419	-6744
gateway/desktop/computer.worker	5865	5865	5865	0
media/image-processor.worker	1613	1613	1613	0
agents/sessions/tools/file-tool-planning.worker	22775	22775	22775	0
media/attachment-processor.worker	363	363	363	0
infra/git-operation.worker	3057	3057	3057	0
infra/fs-safe-copy.worker	1975	1975	1975	0
state/openclaw-state.worker	196	196	196	0
agents/auth-profiles/inline-usage.worker	4807	4807	4807	0
state/openclaw-agent-execution.worker	24582	24262	24582	0
worker/memory-worker-entry	865	865	865	0
agents/identity-avatar-file.worker	888	888	888	0
agents/identity-file.worker	628	628	628	0
worker/skills-worker-entry	745	745	745	0
boards/sqlite-board-store.worker	2128	2128	2128	0
config/sessions/session-sharing-store.worker	5092	5092	5092	0
infra/heartbeat-outcome-store.worker	1315	1315	1315	0
infra/sqlite-store.worker	14750	20926	14750	0
state/openclaw-agent-schema-inspection.worker	4158	5060	4158	0
infra/state-migrations.snapshot.worker	12076	12076	12076	0
agents/github-exec-launcher	3330	3330	3330	0
infra/sqlite-readonly-location.worker	942153	961387	934318	-7835
infra/sqlite-source-revision.worker	6863	6863	6863	0
infra/sqlite-integrity.worker	2883	2883	2883	0
agents/prepared-model-catalog.worker	19982	19982	19982	0
infra/update-repair.worker	3326	3326	3326	0
infra/update-migrated-finalize.worker	21011	21006	21011	0
infra/update-candidate-state.worker	2742	2742	2742	0
commands/doctor-lint.worker	2721	2721	2721	0
commands/doctor.worker	1322	1322	1322	0
state/openclaw-database-verify.worker	3260	3260	3260	0
state/openclaw-state-lease-heartbeat.worker	801697	896593	794916	-6781
config/sessions/session-transcript.worker	22206	22206	22206	0
infra/tailscale-route-owner.worker	3713	3686	3713	0
process/supervisor/service-child-relay	5698	5698	5698	0
process/terminal-pty-worker	2021	2021	2021	0
infra/bun-sqlite-library	126	126	126	0
agents/embedded-agent-runner/provider-prompt-state.worker	412	308	412	0
agents/harness/context-engine-turn-outbox.worker	1394	1394	1394	0
agents/sessions/session-manager-metadata.worker	9172	9172	9172	0
config/sessions/session-accessor.sqlite-archive.worker	17470	17470	17470	0
config/sessions/session-accessor.sqlite-transcript-reports.worker	6379	6379	6379	0
config/sessions/session-transcript-projection-publication.worker	2789	2789	2789	0
config/sessions/session-transcript-reconcile.worker	11721	12443	11721	0
process/supervisor/service-child-group-anchor	13912	13912	13912	0
process/supervisor/service-child-windows-job-anchor	16581	16581	16581	0
